Year,school,teaching_method,pretest,posttest
2020,Truong THPT Chuyên Vinh Phuc,Standard,6.2,7.2
2019,Truong THPT Chuyên Vinh Phuc,Standard,6.6,7.9
2018,Truong THPT Chuyên Vinh Phuc,Standard,6.4,7.6
2017,Truong THPT Chuyên Vinh Phuc,Standard,6.1,7.7
2016,Truong THPT Chuyên Vinh Phuc,Standard,6.4,7.6
2015,Truong THPT Chuyên Vinh Phuc,Standard,6.6,7.4
2014,Truong THPT Chuyên Vinh Phuc,Standard,6.3,7.5
2013,Truong THPT Chuyên Vinh Phuc,Standard,6.3,7.2
2012,Truong THPT Chuyên Vinh Phuc,Standard,6.4,7.7
2011,Truong THPT Chuyên Vinh Phuc,Standard,6.1,7.2
2010,Truong THPT Chuyên Vinh Phuc,Standard,6.1,7.3
2009,Truong THPT Chuyên Vinh Phuc,Standard,6.4,7.4
2008,Truong THPT Chuyên Vinh Phuc,Standard,6.6,7.8
2007,Truong THPT Chuyên Vinh Phuc,Standard,6,7.1
2006,Truong THPT Chuyên Vinh Phuc,Standard,6.4,7.7
2005,Truong THPT Chuyên Vinh Phuc,Standard,6.4,7.3
2004,Truong THPT Chuyên Vinh Phuc,Standard,6.3,7
2003,Truong THPT Chuyên Vinh Phuc,Standard,6.7,7.3
2002,Truong THPT Chuyên Vinh Phuc,Standard,6.3,7.1
2001,Truong THPT Chuyên Vinh Phuc,Standard,6.4,7.3
2000,Truong THPT Chuyên Vinh Phuc,Standard,6,6.8
1999,Truong THPT Chuyên Vinh Phuc,Standard,6,7
1998,Truong THPT Chuyên Vinh Phuc,Standard,5.7,6.6
1997,Truong THPT Chuyên Vinh Phuc,Standard,5.7,7
1996,Truong THPT Chuyên Vinh Phuc,Standard,5.6,6.5
1995,Truong THPT Chuyên Vinh Phuc,Standard,5,6.7
1994,Truong THPT Chuyên Vinh Phuc,Standard,6,7
1993,Truong THPT Chuyên Vinh Phuc,Standard,6,6.7
1992,Truong THPT Chuyên Vinh Phuc,Standard,5.4,6.3
1991,Truong THPT Chuyên Vinh Phuc,Standard,6,7.5
1990,Truong THPT Chuyên Vinh Phuc,Standard,5.8,6.6
1989,Truong THPT Chuyên Vinh Phuc,Standard,6.6,7.1
1988,Truong THPT Chuyên Vinh Phuc,Standard,6,7
1987,Truong THPT Chuyên Vinh Phuc,Standard,5.9,6.9
1986,Truong THPT Chuyên Vinh Phuc,Standard,5.7,6.9
1985,Truong THPT Chuyên Vinh Phuc,Standard,6,6.8
1984,Truong THPT Chuyên Vinh Phuc,Standard,6.1,7.1
1983,Truong THPT Chuyên Vinh Phuc,Standard,6.1,6.6
1982,Truong THPT Chuyên Vinh Phuc,Standard,5.9,6.9
1981,Truong THPT Chuyên Vinh Phuc,Standard,6.2,7.2
1980,Truong THPT Chuyên Vinh Phuc,Standard,6,6.6
2020,Truong THPT Luong Van Chanh,Experimental,6.1,7.5
2019,Truong THPT Luong Van Chanh,Experimental,5.8,7.8
2018,Truong THPT Luong Van Chanh,Experimental,6.4,8.2
2017,Truong THPT Luong Van Chanh,Experimental,5.8,7.7
2016,Truong THPT Luong Van Chanh,Experimental,6.5,8.7
2015,Truong THPT Luong Van Chanh,Experimental,6.5,8
2014,Truong THPT Luong Van Chanh,Experimental,6.2,7.5
2013,Truong THPT Luong Van Chanh,Experimental,5.8,7.3
2012,Truong THPT Luong Van Chanh,Experimental,5.9,7.4
2011,Truong THPT Luong Van Chanh,Experimental,5.9,7.4
2010,Truong THPT Luong Van Chanh,Experimental,6.3,7.6
2009,Truong THPT Luong Van Chanh,Experimental,6,7.8
2008,Truong THPT Luong Van Chanh,Experimental,5.9,7.7
2007,Truong THPT Luong Van Chanh,Experimental,6.1,7.7
2006,Truong THPT Luong Van Chanh,Experimental,5.5,7.2
2005,Truong THPT Luong Van Chanh,Experimental,6.6,8.3
2004,Truong THPT Luong Van Chanh,Experimental,6.7,8.1
2003,Truong THPT Luong Van Chanh,Experimental,6.8,7.9
2002,Truong THPT Luong Van Chanh,Experimental,6.3,8
2001,Truong THPT Luong Van Chanh,Experimental,6.3,8.3
2000,Truong THPT Luong Van Chanh,Experimental,6.6,8.2
1999,Truong THPT Luong Van Chanh,Experimental,6.7,8.4
1998,Truong THPT Luong Van Chanh,Experimental,6.7,8.3
1997,Truong THPT Luong Van Chanh,Experimental,7.3,8.5
1996,Truong THPT Luong Van Chanh,Experimental,6.8,8.7
1995,Truong THPT Luong Van Chanh,Experimental,7,9.1
1994,Truong THPT Luong Van Chanh,Experimental,7.4,8.5
1993,Truong THPT Luong Van Chanh,Experimental,6.4,8.3
1992,Truong THPT Luong Van Chanh,Experimental,6.2,7.8
1991,Truong THPT Luong Van Chanh,Experimental,7.6,8.4
1990,Truong THPT Luong Van Chanh,Experimental,7.3,8.6
1989,Truong THPT Luong Van Chanh,Experimental,6.5,8.7
1988,Truong THPT Luong Van Chanh,Experimental,6.6,7.9
1987,Truong THPT Luong Van Chanh,Experimental,6.6,8.4
1986,Truong THPT Luong Van Chanh,Experimental,6.6,8.2
1985,Truong THPT Luong Van Chanh,Experimental,6.5,8.3
1984,Truong THPT Luong Van Chanh,Experimental,6.3,7.8
1983,Truong THPT Luong Van Chanh,Experimental,6.8,8.4
1982,Truong THPT Luong Van Chanh,Experimental,6.5,7.9
1981,Truong THPT Luong Van Chanh,Experimental,7,8.3
1980,Truong THPT Luong Van Chanh,Experimental,6.5,8.1
1979,Truong THPT Luong Van Chanh,Experimental,6.1,7.4
1978,Truong THPT Luong Van Chanh,Experimental,6.3,7.7
1977,Truong THPT Luong Van Chanh,Experimental,6.2,8.2
1976,Truong THPT Luong Van Chanh,Experimental,6.9,8.1
1975,Truong THPT Luong Van Chanh,Experimental,6.3,7.5
1974,Truong THPT Luong Van Chanh,Experimental,6.2,8.1
1973,Truong THPT Luong Van Chanh,Experimental,6.3,7.7
1972,Truong THPT Luong Van Chanh,Experimental,5.9,7.4
1971,Truong THPT Luong Van Chanh,Experimental,6.3,8
1970,Truong THPT Luong Van Chanh,Experimental,6.6,7.6
1969,Truong THPT Luong Van Chanh,Experimental,5.9,7.7
1968,Truong THPT Luong Van Chanh,Experimental,6,7.4
1967,Truong THPT Luong Van Chanh,Standard,6.8,7.6
1966,Truong THPT Luong Van Chanh,Standard,7.4,8.2
1965,Truong THPT Luong Van Chanh,Standard,6.3,7.3
1964,Truong THPT Luong Van Chanh,Standard,7.3,7.8
1963,Truong THPT Luong Van Chanh,Standard,7.5,8.3
1962,Truong THPT Luong Van Chanh,Standard,7.8,8.4
1961,Truong THPT Luong Van Chanh,Standard,6.9,7.8
1960,Truong THPT Luong Van Chanh,Standard,7.3,8.1
1959,Truong THPT Luong Van Chanh,Standard,7.4,8
1958,Truong THPT Luong Van Chanh,Standard,7.3,8
1957,Truong THPT Luong Van Chanh,Standard,6.8,8.2
1956,Truong THPT Luong Van Chanh,Standard,7.2,8.4
1955,Truong THPT Luong Van Chanh,Standard,7.3,8
1954,Truong THPT Luong Van Chanh,Standard,7.1,9.1
1953,Truong THPT Luong Van Chanh,Standard,7.3,8
1952,Truong THPT Luong Van Chanh,Standard,7.6,8
1951,Truong THPT Luong Van Chanh,Standard,7,8.4
1950,Truong THPT Luong Van Chanh,Standard,7.1,7.8
1949,Truong THPT Luong Van Chanh,Standard,7.6,8.5
1948,Truong THPT Luong Van Chanh,Standard,7.2,8.3
1947,Truong THPT Luong Van Chanh,Standard,7.1,8.3
1946,Truong THPT Luong Van Chanh,Experimental,4.9,6.8
1945,Truong THPT Luong Van Chanh,Experimental,5.5,7
1944,Truong THPT Luong Van Chanh,Experimental,6,7.3
1943,Truong THPT Luong Van Chanh,Experimental,5.9,7.3
1942,Truong THPT Luong Van Chanh,Experimental,5.9,7
1941,Truong THPT Luong Van Chanh,Experimental,5.5,6.9
1940,Truong THPT Luong Van Chanh,Experimental,5.5,7.1
1939,Truong THPT Luong Van Chanh,Experimental,5.6,7.4
1938,Truong THPT Luong Van Chanh,Experimental,5.3,6.9
1937,Truong THPT Luong Van Chanh,Experimental,4.8,7
1936,Truong THPT Luong Van Chanh,Experimental,6.2,7.6
1935,Truong THPT Luong Van Chanh,Experimental,5.8,7.5
1934,Truong THPT Luong Van Chanh,Experimental,5.2,6.9
1933,Truong THPT Luong Van Chanh,Experimental,5.9,6.7
1932,Truong THPT Luong Van Chanh,Experimental,5.3,6.9
1931,Truong THPT Luong Van Chanh,Experimental,5.7,7.2
1930,Truong THPT Luong Van Chanh,Standard,6.8,7.6
1929,Truong THPT Luong Van Chanh,Standard,6.7,8
1928,Truong THPT Luong Van Chanh,Standard,6.7,7.6
1927,Truong THPT Luong Van Chanh,Standard,6.6,8.2
1926,Truong THPT Luong Van Chanh,Standard,5.8,7.2
1925,Truong THPT Luong Van Chanh,Standard,6.1,7
1924,Truong THPT Luong Van Chanh,Standard,6.3,7.5
1923,Truong THPT Luong Van Chanh,Standard,6.8,7.7
1922,Truong THPT Luong Van Chanh,Standard,6.1,7.6
1921,Truong THPT Luong Van Chanh,Standard,7.5,8.3
1920,Truong THPT Luong Van Chanh,Standard,6.8,7.5
1919,Truong THPT Luong Van Chanh,Standard,6.5,7.2
1918,Truong THPT Luong Van Chanh,Standard,6.5,7.7
1917,Truong THPT Luong Van Chanh,Standard,6.1,7.7
1916,Truong THPT Luong Van Chanh,Standard,6.2,6.9
1915,Truong THPT Luong Van Chanh,Standard,6.5,7.4
1914,Truong THPT Luong Van Chanh,Standard,7,7.9
1913,Truong THPT Luong Van Chanh,Standard,6.5,7.4
1912,Truong THPT Luong Van Chanh,Standard,6,7.3
2020,Truong THPT Hung Vuong,Standard,6,6.7
2019,Truong THPT Hung Vuong,Standard,6.2,7
2018,Truong THPT Hung Vuong,Standard,5.9,7.3
2017,Truong THPT Hung Vuong,Standard,6.2,7.2
2016,Truong THPT Hung Vuong,Standard,5.4,6.8
2015,Truong THPT Hung Vuong,Standard,5.8,6.6
2014,Truong THPT Hung Vuong,Standard,5.8,6.6
2013,Truong THPT Hung Vuong,Standard,6,6.9
2012,Truong THPT Hung Vuong,Standard,6.8,7.8
2011,Truong THPT Hung Vuong,Standard,5.5,6.9
2010,Truong THPT Hung Vuong,Standard,6.1,7.1
2009,Truong THPT Hung Vuong,Standard,6.1,7.1
2008,Truong THPT Hung Vuong,Standard,6.1,7
2007,Truong THPT Hung Vuong,Standard,6.4,8.1
2006,Truong THPT Hung Vuong,Standard,6.1,7.2
2005,Truong THPT Hung Vuong,Standard,5.4,6.9
2004,Truong THPT Hung Vuong,Standard,5.6,6.5
2003,Truong THPT Hung Vuong,Standard,5.5,6.4
2002,Truong THPT Hung Vuong,Standard,6.5,7.1
2001,Truong THPT Hung Vuong,Standard,6.4,7.6
2000,Truong THPT Hung Vuong,Standard,7.2,7.9
1999,Truong THPT Hung Vuong,Standard,7.2,7.8
1998,Truong THPT Hung Vuong,Standard,6.7,7.2
1997,Truong THPT Hung Vuong,Standard,6.4,7.4
1996,Truong THPT Hung Vuong,Standard,6.9,7.9
1995,Truong THPT Hung Vuong,Standard,6.7,7.8
1994,Truong THPT Hung Vuong,Standard,7,7.6
1993,Truong THPT Hung Vuong,Standard,6.4,7.7
1992,Truong THPT Hung Vuong,Standard,6.4,7.5
1991,Truong THPT Hung Vuong,Standard,6.9,7.8
1990,Truong THPT Hung Vuong,Standard,7,8.2
1989,Truong THPT Hung Vuong,Standard,7.1,7.8
1988,Truong THPT Hung Vuong,Standard,6.7,8
1987,Truong THPT Hung Vuong,Standard,6.9,7.9
1986,Truong THPT Hung Vuong,Standard,6.9,8
1985,Truong THPT Hung Vuong,Standard,6.6,8.1
1984,Truong THPT Hung Vuong,Standard,6.4,7.8
1983,Truong THPT Hung Vuong,Standard,6.9,8.2
1982,Truong THPT Hung Vuong,Standard,6.7,8.2
1981,Truong THPT Hung Vuong,Standard,6.5,7.6
1980,Truong THPT Hung Vuong,Experimental,6.4,8.8
1979,Truong THPT Hung Vuong,Experimental,6,8
1978,Truong THPT Hung Vuong,Experimental,7.3,8.1
1977,Truong THPT Hung Vuong,Experimental,6.6,8.3
1976,Truong THPT Hung Vuong,Experimental,5.6,7.8
1975,Truong THPT Hung Vuong,Experimental,6.7,8.7
1974,Truong THPT Hung Vuong,Experimental,6.2,8.2
1973,Truong THPT Hung Vuong,Experimental,6.8,8.2
1972,Truong THPT Hung Vuong,Experimental,6.9,8.4
1971,Truong THPT Hung Vuong,Experimental,6.8,8.5
1970,Truong THPT Hung Vuong,Experimental,6.3,8.2
1969,Truong THPT Hung Vuong,Experimental,7.2,8.3
1968,Truong THPT Hung Vuong,Experimental,7,8.2
1967,Truong THPT Hung Vuong,Experimental,6.8,8.7
1966,Truong THPT Hung Vuong,Experimental,6.4,8.5
1965,Truong THPT Hung Vuong,Experimental,6.4,7.8
1964,Truong THPT Hung Vuong,Experimental,6.1,7.7
1963,Truong THPT Hung Vuong,Standard,7,7.8
1962,Truong THPT Hung Vuong,Standard,6.5,7.9
1961,Truong THPT Hung Vuong,Standard,6.3,7.2
1960,Truong THPT Hung Vuong,Standard,6.8,8
1959,Truong THPT Hung Vuong,Standard,6.6,7.5
1958,Truong THPT Hung Vuong,Standard,6.4,7.5
1957,Truong THPT Hung Vuong,Standard,6.8,7.7
1956,Truong THPT Hung Vuong,Standard,6.7,7.9
1955,Truong THPT Hung Vuong,Standard,6.6,7.5
1954,Truong THPT Hung Vuong,Standard,6.8,8
1953,Truong THPT Hung Vuong,Standard,7.2,8.6
1952,Truong THPT Hung Vuong,Standard,6.9,7.6
1951,Truong THPT Hung Vuong,Standard,6.8,7.8
1950,Truong THPT Hung Vuong,Standard,6.2,7.5
1949,Truong THPT Hung Vuong,Standard,7.1,8
1948,Truong THPT Hung Vuong,Standard,7.2,7.9
1947,Truong THPT Hung Vuong,Standard,6.4,7.4
2020,Truong THPT Binh Xuyen,Standard,5.5,7
2019,Truong THPT Binh Xuyen,Standard,5.5,6.7
2018,Truong THPT Binh Xuyen,Standard,5.8,7
2017,Truong THPT Binh Xuyen,Standard,6,6.7
2016,Truong THPT Binh Xuyen,Standard,5.8,6.9
2015,Truong THPT Binh Xuyen,Standard,5.2,6.3
2014,Truong THPT Binh Xuyen,Standard,5.3,6.7
2013,Truong THPT Binh Xuyen,Standard,5.3,6.8
2012,Truong THPT Binh Xuyen,Standard,5.4,6.8
2011,Truong THPT Binh Xuyen,Standard,5.9,7
2010,Truong THPT Binh Xuyen,Standard,5.5,6.5
2009,Truong THPT Binh Xuyen,Standard,5.6,6.7
2008,Truong THPT Binh Xuyen,Standard,5.8,6.7
2007,Truong THPT Binh Xuyen,Standard,5.8,6.5
2006,Truong THPT Binh Xuyen,Standard,5.8,6.5
2005,Truong THPT Binh Xuyen,Standard,6,7.4
2004,Truong THPT Binh Xuyen,Standard,6,6.9
2003,Truong THPT Binh Xuyen,Standard,5.6,6.1
2002,Truong THPT Binh Xuyen,Standard,5.6,6.9
2001,Truong THPT Binh Xuyen,Standard,5.6,7.4
2000,Truong THPT Binh Xuyen,Standard,5.2,6.8
1999,Truong THPT Binh Xuyen,Standard,5.2,6.8
1998,Truong THPT Binh Xuyen,Standard,5.6,6.3
1997,Truong THPT Binh Xuyen,Standard,5.8,7
1996,Truong THPT Binh Xuyen,Standard,6.1,7.1
1995,Truong THPT Binh Xuyen,Standard,6,6.2
1994,Truong THPT Binh Xuyen,Standard,5.7,6.2
1993,Truong THPT Binh Xuyen,Standard,5,5.8
1992,Truong THPT Binh Xuyen,Standard,5.3,5.7
1991,Truong THPT Binh Xuyen,Standard,5.5,6.3
1990,Truong THPT Binh Xuyen,Standard,4.6,5.7
1989,Truong THPT Binh Xuyen,Standard,5,5.9
1988,Truong THPT Binh Xuyen,Standard,5,5.7
1987,Truong THPT Binh Xuyen,Standard,5.6,6.4
1986,Truong THPT Binh Xuyen,Standard,4.4,5.8
1985,Truong THPT Binh Xuyen,Standard,5.3,6.4
1984,Truong THPT Binh Xuyen,Standard,5.1,5.6
1983,Truong THPT Binh Xuyen,Standard,5,6.1
1982,Truong THPT Binh Xuyen,Standard,5.3,6.1
1981,Truong THPT Binh Xuyen,Standard,5.3,6.4
1980,Truong THPT Binh Xuyen,Standard,5.2,6
1979,Truong THPT Binh Xuyen,Standard,4.9,6.1
1978,Truong THPT Binh Xuyen,Standard,5.5,6.3
1977,Truong THPT Binh Xuyen,Standard,5.6,6.6
1976,Truong THPT Binh Xuyen,Standard,5.3,6.2
1975,Truong THPT Binh Xuyen,Standard,5,5.9
1974,Truong THPT Binh Xuyen,Standard,5,5.9
1973,Truong THPT Binh Xuyen,Standard,5.2,6.2
1972,Truong THPT Binh Xuyen,Standard,5.2,5.8
1971,Truong THPT Binh Xuyen,Standard,4.7,6.2
1970,Truong THPT Binh Xuyen,Standard,4.6,6
1969,Truong THPT Binh Xuyen,Standard,5.3,5.9
1968,Truong THPT Binh Xuyen,Standard,5.1,6.1
1967,Truong THPT Binh Xuyen,Standard,5.2,6.5
1966,Truong THPT Binh Xuyen,Standard,5,6.4
1965,Truong THPT Binh Xuyen,Standard,5.2,6.7
1964,Truong THPT Binh Xuyen,Standard,6,7.2
1963,Truong THPT Binh Xuyen,Standard,5.5,6.9
1962,Truong THPT Binh Xuyen,Standard,5.3,6.8
1961,Truong THPT Binh Xuyen,Standard,5.7,6.7
1960,Truong THPT Binh Xuyen,Standard,6.1,6.2
1959,Truong THPT Binh Xuyen,Standard,5.9,6.4
1958,Truong THPT Binh Xuyen,Standard,5.1,6.5
1957,Truong THPT Binh Xuyen,Standard,4.9,6.5
1956,Truong THPT Binh Xuyen,Standard,5.9,6.4
1955,Truong THPT Binh Xuyen,Standard,5.2,6.3
1954,Truong THPT Binh Xuyen,Standard,5.1,66
1953,Truong THPT Binh Xuyen,Standard,5.7,6.5
1952,Truong THPT Binh Xuyen,Standard,5.4,6.2
1951,Truong THPT Binh Xuyen,Standard,5.2,6.5
1950,Truong THPT Binh Xuyen,Standard,5.7,6.8
1949,Truong THPT Binh Xuyen,Standard,5.4,6.5
1948,Truong THPT Binh Xuyen,Standard,5.7,5.9
1947,Truong THPT Binh Xuyen,Standard,6,6.8
1946,Truong THPT Binh Xuyen,Standard,5.1,6.4
1945,Truong THPT Binh Xuyen,Standard,6.1,6.7
1944,Truong THPT Binh Xuyen,Standard,5.2,6.1
1943,Truong THPT Binh Xuyen,Standard,5.2,6.3
1942,Truong THPT Binh Xuyen,Standard,4.9,6.4
1941,Truong THPT Binh Xuyen,Standard,5.7,6.3
1940,Truong THPT Binh Xuyen,Standard,5.2,6.3
1939,Truong THPT Binh Xuyen,Standard,5.4,6.3
1938,Truong THPT Binh Xuyen,Standard,5.8,6.5
1937,Truong THPT Binh Xuyen,Experimental,5.1,6.6
1936,Truong THPT Binh Xuyen,Experimental,5.6,7.5
1935,Truong THPT Binh Xuyen,Experimental,5.6,7.2
1934,Truong THPT Binh Xuyen,Experimental,5.1,6.9
1933,Truong THPT Binh Xuyen,Experimental,5.3,6.5
1932,Truong THPT Binh Xuyen,Experimental,4.9,6.7
1931,Truong THPT Binh Xuyen,Experimental,5.4,7.2
1930,Truong THPT Binh Xuyen,Experimental,5.2,7.1
1929,Truong THPT Binh Xuyen,Experimental,5.3,7
1928,Truong THPT Binh Xuyen,Experimental,5.4,7
1927,Truong THPT Binh Xuyen,Experimental,5.7,7.6
1926,Truong THPT Binh Xuyen,Experimental,5.2,6.7
1925,Truong THPT Binh Xuyen,Experimental,6.1,7.4
1924,Truong THPT Binh Xuyen,Experimental,5.2,7.3
1923,Truong THPT Binh Xuyen,Experimental,5.4,6.8
1922,Truong THPT Binh Xuyen,Experimental,5.5,6.9
1921,Truong THPT Binh Xuyen,Experimental,5.3,7.1
1920,Truong THPT Binh Xuyen,Experimental,5.5,7.2
1919,Truong THPT Binh Xuyen,Experimental,5.3,7
1918,Truong THPT Binh Xuyen,Experimental,4.8,6.6
1917,Truong THPT Binh Xuyen,Experimental,5.1,7
1916,Truong THPT Binh Xuyen,Experimental,5.6,7
1915,Truong THPT Binh Xuyen,Experimental,5.1,6.9
1914,Truong THPT Binh Xuyen,Experimental,4.9,6.7
2020,Truong THPT Vo Thi Sau,Standard,5.4,6.7
2019,Truong THPT Vo Thi Sau,Standard,5,6.4
2018,Truong THPT Vo Thi Sau,Standard,5.1,6.5
2017,Truong THPT Vo Thi Sau,Standard,5.3,7
2016,Truong THPT Vo Thi Sau,Standard,5.2,6
2015,Truong THPT Vo Thi Sau,Standard,5.1,5.7
2014,Truong THPT Vo Thi Sau,Standard,5.6,6.1
2013,Truong THPT Vo Thi Sau,Standard,4.7,5.8
2012,Truong THPT Vo Thi Sau,Standard,4.9,6
2011,Truong THPT Vo Thi Sau,Standard,4.6,6.3
2010,Truong THPT Vo Thi Sau,Standard,4.3,6.1
2009,Truong THPT Vo Thi Sau,Standard,5.6,5.9
2008,Truong THPT Vo Thi Sau,Standard,5.4,6.4
2007,Truong THPT Vo Thi Sau,Standard,4.8,6.4
2006,Truong THPT Vo Thi Sau,Standard,5.5,6.2
2005,Truong THPT Vo Thi Sau,Standard,5.3,6.3
2004,Truong THPT Vo Thi Sau,Standard,5.2,6.3
2003,Truong THPT Vo Thi Sau,Standard,5.5,5.5
2002,Truong THPT Vo Thi Sau,Standard,5.2,6.5
2001,Truong THPT Vo Thi Sau,Standard,5.4,5.7
2000,Truong THPT Vo Thi Sau,Standard,4.8,5.4
1999,Truong THPT Vo Thi Sau,Standard,5.3,6.2
1998,Truong THPT Vo Thi Sau,Standard,5.2,5.8
1997,Truong THPT Vo Thi Sau,Standard,5.4,6.1
1996,Truong THPT Vo Thi Sau,Standard,4.4,5.9
1995,Truong THPT Vo Thi Sau,Standard,4.7,5.6
1994,Truong THPT Vo Thi Sau,Standard,4.9,5.8
1993,Truong THPT Vo Thi Sau,Experimental,3.7,5.6
1992,Truong THPT Vo Thi Sau,Experimental,5,6.3
1991,Truong THPT Vo Thi Sau,Experimental,4.8,5.8
1990,Truong THPT Vo Thi Sau,Experimental,4,6
1989,Truong THPT Vo Thi Sau,Experimental,3.9,4.9
1988,Truong THPT Vo Thi Sau,Experimental,4.1,6
1987,Truong THPT Vo Thi Sau,Experimental,3.9,5.7
1986,Truong THPT Vo Thi Sau,Experimental,4.4,5.8
1985,Truong THPT Vo Thi Sau,Experimental,4.5,6.3
1984,Truong THPT Vo Thi Sau,Experimental,4.5,6.7
1983,Truong THPT Vo Thi Sau,Experimental,3.6,5.3
1982,Truong THPT Vo Thi Sau,Experimental,4.8,6.2
1981,Truong THPT Vo Thi Sau,Experimental,4.2,5.4
1980,Truong THPT Vo Thi Sau,Experimental,4.8,6.5
1979,Truong THPT Vo Thi Sau,Experimental,4.2,5.7
1978,Truong THPT Vo Thi Sau,Experimental,4.5,6.7
1977,Truong THPT Vo Thi Sau,Experimental,3.9,6.1
1976,Truong THPT Vo Thi Sau,Experimental,4.5,6.4
1975,Truong THPT Vo Thi Sau,Experimental,4.4,5.9
1974,Truong THPT Vo Thi Sau,Experimental,4,5.2
1973,Truong THPT Vo Thi Sau,Experimental,5.7,7.4
1972,Truong THPT Vo Thi Sau,Experimental,5.8,7.4
1971,Truong THPT Vo Thi Sau,Experimental,6.2,7.9
1970,Truong THPT Vo Thi Sau,Experimental,6.1,7.1
1969,Truong THPT Vo Thi Sau,Experimental,5.7,7.3
1968,Truong THPT Vo Thi Sau,Experimental,6.2,7.4
1967,Truong THPT Vo Thi Sau,Experimental,5.5,7.1
1966,Truong THPT Vo Thi Sau,Experimental,5.5,6.8
1965,Truong THPT Vo Thi Sau,Experimental,5.5,7.5
1964,Truong THPT Vo Thi Sau,Experimental,5.7,7.2
1963,Truong THPT Vo Thi Sau,Experimental,5.8,7.9
1962,Truong THPT Vo Thi Sau,Experimental,5.8,7.5
1961,Truong THPT Vo Thi Sau,Experimental,6,7.8
1960,Truong THPT Vo Thi Sau,Experimental,5.5,6.7
1959,Truong THPT Vo Thi Sau,Experimental,5.2,7.3
1958,Truong THPT Vo Thi Sau,Experimental,6.1,7.3
1957,Truong THPT Vo Thi Sau,Experimental,5.3,6.7
1956,Truong THPT Vo Thi Sau,Experimental,6,7.3
1955,Truong THPT Vo Thi Sau,Experimental,5.8,7.6
1954,Truong THPT Vo Thi Sau,Experimental,5.3,6.7
1953,Truong THPT Vo Thi Sau,Experimental,6,7.2
1952,Truong THPT Vo Thi Sau,Experimental,6.4,7.7
1951,Truong THPT Vo Thi Sau,Experimental,6.2,7.4
1950,Truong THPT Vo Thi Sau,Experimental,5.6,7.4
1949,Truong THPT Vo Thi Sau,Experimental,5.9,7.6
1948,Truong THPT Vo Thi Sau,Experimental,6.1,7.7
1947,Truong THPT Vo Thi Sau,Experimental,5.6,7.4
1946,Truong THPT Vo Thi Sau,Experimental,5.4,7.3
1945,Truong THPT Vo Thi Sau,Standard,6.4,6.9
1944,Truong THPT Vo Thi Sau,Standard,6.3,7.4
1943,Truong THPT Vo Thi Sau,Standard,4.9,6
1942,Truong THPT Vo Thi Sau,Standard,6,6.1
1941,Truong THPT Vo Thi Sau,Standard,5.8,6.9
1940,Truong THPT Vo Thi Sau,Standard,6,7.4
1939,Truong THPT Vo Thi Sau,Standard,5.7,6.6
1938,Truong THPT Vo Thi Sau,Standard,5.8,7
1937,Truong THPT Vo Thi Sau,Standard,5.8,6.8
1936,Truong THPT Vo Thi Sau,Standard,6.2,7.1
1935,Truong THPT Vo Thi Sau,Standard,5.3,6.8
1934,Truong THPT Vo Thi Sau,Standard,5.5,6.6
1933,Truong THPT Vo Thi Sau,Standard,6,7.2
1932,Truong THPT Vo Thi Sau,Standard,6.2,7.1
1931,Truong THPT Vo Thi Sau,Standard,5.5,6.4
1930,Truong THPT Vo Thi Sau,Standard,6,6.7
1929,Truong THPT Vo Thi Sau,Standard,5.9,6.6
1928,Truong THPT Vo Thi Sau,Standard,5.3,7
1927,Truong THPT Vo Thi Sau,Standard,5.7,7.4
1926,Truong THPT Vo Thi Sau,Standard,5.9,6.9
1925,Truong THPT Vo Thi Sau,Standard,6.3,7.2
1924,Truong THPT Vo Thi Sau,Standard,6.5,6.8
1923,Truong THPT Vo Thi Sau,Standard,5.6,7.1
1922,Truong THPT Vo Thi Sau,Standard,6,6.9
1921,Truong THPT Vo Thi Sau,Standard,6,6.6
1920,Truong THPT Vo Thi Sau,Standard,6,6.8
1919,Truong THPT Vo Thi Sau,Standard,6.2,7.2
1918,Truong THPT Vo Thi Sau,Standard,6.3,7
1917,Truong THPT Vo Thi Sau,Standard,6.1,7.4
1916,Truong THPT Vo Thi Sau,Standard,5.6,6.9
1915,Truong THPT Vo Thi Sau,Standard,6,6.7
1914,Truong THPT Vo Thi Sau,Standard,5.5,6.6
1913,Truong THPT Vo Thi Sau,Standard,6.2,7.1
1912,Truong THPT Vo Thi Sau,Standard,5.7,7.1
1911,Truong THPT Vo Thi Sau,Standard,5.8,7
1910,Truong THPT Vo Thi Sau,Standard,5.7,6.7
1909,Truong THPT Vo Thi Sau,Standard,6.2,6.9
1908,Truong THPT Vo Thi Sau,Standard,5.5,6.5
1907,Truong THPT Vo Thi Sau,Standard,6,7.6
1906,Truong THPT Vo Thi Sau,Standard,5.2,6.2
1905,Truong THPT Vo Thi Sau,Standard,6.1,6.7
1904,Truong THPT Vo Thi Sau,Standard,6,7
1903,Truong THPT Vo Thi Sau,Standard,6.2,6.8
1902,Truong THPT Vo Thi Sau,Standard,6,6.4
1901,Truong THPT Vo Thi Sau,Standard,6.7,7.5
1900,Truong THPT Vo Thi Sau,Standard,6.1,7
1899,Truong THPT Vo Thi Sau,Standard,5.8,6.8
2020,Truong THPT Tam Đao ,Experimental,5.3,6.8
2019,Truong THPT Tam Đao ,Experimental,6.3,7.8
2018,Truong THPT Tam Đao ,Experimental,6.7,7.9
2017,Truong THPT Tam Đao ,Experimental,6.1,7.6
2016,Truong THPT Tam Đao ,Experimental,5.7,7.6
2015,Truong THPT Tam Đao ,Experimental,7.2,8.4
2014,Truong THPT Tam Đao ,Experimental,6.5,7.8
2013,Truong THPT Tam Đao ,Experimental,5.6,7.3
2012,Truong THPT Tam Đao ,Experimental,6.4,7.7
2011,Truong THPT Tam Đao ,Experimental,6.5,8
2010,Truong THPT Tam Đao ,Experimental,6.5,7.9
2009,Truong THPT Tam Đao ,Experimental,6.4,8.4
2008,Truong THPT Tam Đao ,Experimental,6.2,8.1
2007,Truong THPT Tam Đao ,Experimental,5.8,7.8
2006,Truong THPT Tam Đao ,Experimental,6.3,8.4
2005,Truong THPT Tam Đao ,Experimental,6.8,8.5
2004,Truong THPT Tam Đao ,Experimental,6.6,8.1
2003,Truong THPT Tam Đao ,Experimental,6.8,8.8
2002,Truong THPT Tam Đao ,Experimental,6.6,8.1
2001,Truong THPT Tam Đao ,Experimental,6.8,8.2
2000,Truong THPT Tam Đao ,Experimental,6.8,7.9
1999,Truong THPT Tam Đao ,Experimental,6.9,8.3
1998,Truong THPT Tam Đao ,Experimental,6.6,8.3
1997,Truong THPT Tam Đao ,Experimental,6.5,8.3
1996,Truong THPT Tam Đao ,Experimental,5.8,8
1995,Truong THPT Tam Đao ,Experimental,5.9,8.1
1994,Truong THPT Tam Đao ,Experimental,7.3,8.2
1993,Truong THPT Tam Đao ,Experimental,6.7,8.6
1992,Truong THPT Tam Đao ,Experimental,7.2,8.3
1991,Truong THPT Tam Đao ,Experimental,5.6,7.3
1990,Truong THPT Tam Đao ,Experimental,6.1,7.6
1989,Truong THPT Tam Đao ,Experimental,6.8,8.7
1988,Truong THPT Tam Đao ,Experimental,5.7,7.9
1987,Truong THPT Tam Đao ,Experimental,6.2,7.6
1986,Truong THPT Tam Đao ,Experimental,5.8,6.8
1985,Truong THPT Tam Đao ,Experimental,5.6,6.8
1984,Truong THPT Tam Đao ,Experimental,6.4,7.6
1983,Truong THPT Tam Đao ,Experimental,5.8,7.3
1982,Truong THPT Tam Đao ,Experimental,6.3,7.8
1981,Truong THPT Tam Đao ,Experimental,5.8,7.7
1980,Truong THPT Tam Đao ,Experimental,6.1,7.7
1979,Truong THPT Tam Đao ,Experimental,6,7.4
1978,Truong THPT Tam Đao ,Experimental,5.5,7.2
1977,Truong THPT Tam Đao ,Experimental,5.9,7.4
1976,Truong THPT Tam Đao ,Experimental,6.4,8
1975,Truong THPT Tam Đao ,Experimental,6.5,7.5
1974,Truong THPT Thô Tang,Standard,4.7,6.1
1973,Truong THPT Thô Tang,Standard,3.8,4.9
1972,Truong THPT Thô Tang,Standard,4.7,6
1971,Truong THPT Thô Tang,Standard,4.8,6.1
1970,Truong THPT Thô Tang,Standard,4.6,5.8
1969,Truong THPT Thô Tang,Standard,5.3,5.5
1968,Truong THPT Thô Tang,Standard,4.4,5.8
1967,Truong THPT Thô Tang,Standard,4.5,5.7
1966,Truong THPT Thô Tang,Standard,4.8,6.1
1965,Truong THPT Thô Tang,Standard,4.6,5.5
1964,Truong THPT Thô Tang,Standard,4.7,5.9
1963,Truong THPT Thô Tang,Standard,4.8,6.1
1962,Truong THPT Thô Tang,Standard,4.1,6.1
1961,Truong THPT Thô Tang,Standard,4.4,5.9
1960,Truong THPT Thô Tang,Standard,4.6,5.7
1959,Truong THPT Thô Tang,Standard,3.9,5
1958,Truong THPT Thô Tang,Standard,4.4,5.7
1957,Truong THPT Thô Tang,Standard,4.4,5.6
1956,Truong THPT Thô Tang,Standard,4.8,5.8
1955,Truong THPT Thô Tang,Standard,4.5,5.5
1954,Truong THPT Thô Tang,Standard,4.5,5.6
1953,Truong THPT Thô Tang,Standard,4.6,6.4
1952,Truong THPT Thô Tang,Experimental,6.1,7.5
1951,Truong THPT Thô Tang,Experimental,6,7.6
1950,Truong THPT Thô Tang,Experimental,5.9,7.9
1949,Truong THPT Thô Tang,Experimental,6.6,8.2
1948,Truong THPT Thô Tang,Experimental,6.5,7.6
1947,Truong THPT Thô Tang,Experimental,6,7.8
1946,Truong THPT Thô Tang,Experimental,5.9,7.9
1945,Truong THPT Thô Tang,Experimental,6,7.5
1944,Truong THPT Thô Tang,Experimental,6.5,8.2
1943,Truong THPT Thô Tang,Experimental,6.2,7.4
1942,Truong THPT Thô Tang,Experimental,6.5,7.9
1941,Truong THPT Thô Tang,Experimental,6.1,7.2
1940,Truong THPT Thô Tang,Experimental,6.6,7.9
1939,Truong THPT Thô Tang,Experimental,5.9,7.5
1938,Truong THPT Thô Tang,Experimental,6.1,7.9
1937,Truong THPT Thô Tang,Experimental,6.5,8
1936,Truong THPT Thô Tang,Experimental,6.5,8.1
1935,Truong THPT Thô Tang,Experimental,6.1,8.5
1934,Truong THPT Thô Tang,Experimental,6.3,7.8
1933,Truong THPT Thô Tang,Experimental,6.4,7.9
1932,Truong THPT Thô Tang,Experimental,6,7.7
1931,Truong THPT Thô Tang,Experimental,6,7.3
1930,Truong THPT Thô Tang,Experimental,6.5,8.4
1929,Truong THPT Thô Tang,Experimental,6.8,8.3
1928,Truong THPT Thô Tang,Experimental,6.7,8.1
1927,Truong THPT Thô Tang,Experimental,6,7.4
1926,Truong THPT Thô Tang,Experimental,6.4,7.7
1925,Truong THPT Thô Tang,Standard,5.5,6.4
1924,Truong THPT Thô Tang,Standard,5.9,6.4
1923,Truong THPT Thô Tang,Standard,5.3,6.5
1922,Truong THPT Thô Tang,Standard,5.9,6.9
1921,Truong THPT Thô Tang,Standard,5.2,6.1
1920,Truong THPT Thô Tang,Standard,5.3,6.4
1919,Truong THPT Thô Tang,Standard,5.3,6.3
1918,Truong THPT Thô Tang,Standard,5.8,6.5
1917,Truong THPT Thô Tang,Standard,5.5,7.2
1916,Truong THPT Thô Tang,Standard,6.2,7.2
1915,Truong THPT Thô Tang,Standard,5.7,6
1914,Truong THPT Thô Tang,Standard,5.9,7
1913,Truong THPT Thô Tang,Standard,5.2,6.5
1912,Truong THPT Thô Tang,Standard,6.3,7.4
1911,Truong THPT Thô Tang,Standard,5.7,6.9
1910,Truong THPT Thô Tang,Standard,5.5,6.3
1909,Truong THPT Thô Tang,Standard,5.4,6.9
1908,Truong THPT Thô Tang,Standard,5.4,6.9
1907,Truong THPT Thô Tang,Standard,5.2,6.2
1906,Truong THPT Thô Tang,Standard,5.6,6.5
1905,Truong THPT Thô Tang,Standard,5.6,6.2
1904,Truong THPT Thô Tang,Standard,5.2,5.7
1903,Truong THPT Thô Tang,Standard,4.7,5.7
1902,Truong THPT Thô Tang,Standard,4.5,4.9
1901,Truong THPT Thô Tang,Standard,4.7,5.4
1900,Truong THPT Thô Tang,Standard,4.8,5.5
1899,Truong THPT Thô Tang,Standard,4.5,5.4
1898,Truong THPT Thô Tang,Standard,4.6,5.9
1897,Truong THPT Thô Tang,Standard,4.9,5.8
1896,Truong THPT Thô Tang,Standard,4.7,6.2
1895,Truong THPT Thô Tang,Standard,4.4,5.5
1894,Truong THPT Thô Tang,Standard,4.7,5.9
1893,Truong THPT Thô Tang,Standard,4.8,5.9
1892,Truong THPT Thô Tang,Standard,4.1,5.4
1891,Truong THPT Thô Tang,Standard,4.2,5.3
1890,Truong THPT Thô Tang,Standard,4.5,6
1889,Truong THPT Thô Tang,Standard,5.2,5.9
1888,Truong THPT Thô Tang,Standard,4.4,5.1
1887,Truong THPT Thô Tang,Standard,5,5.5
1886,Truong THPT Thô Tang,Standard,4,5.3
1885,Truong THPT Thô Tang,Standard,4,5.1
1884,Truong THPT Thô Tang,Standard,4.4,5.7
1883,Truong THPT Thô Tang,Standard,5.8,6.7
1882,Truong THPT Thô Tang,Standard,5.4,6
1881,Truong THPT Thô Tang,Standard,5.1,6.3
1880,Truong THPT Thô Tang,Standard,5.2,5.9
1879,Truong THPT Thô Tang,Standard,5.7,7
1878,Truong THPT Thô Tang,Standard,5.4,6.5
1877,Truong THPT Thô Tang,Standard,5.6,6.6
1876,Truong THPT Thô Tang,Standard,5.2,5.9
1875,Truong THPT Thô Tang,Standard,5.5,6.9
1874,Truong THPT Thô Tang,Standard,4.9,6.2
1873,Truong THPT Thô Tang,Standard,5.2,6.3
1872,Truong THPT Thô Tang,Standard,5.5,6.4
1871,Truong THPT Thô Tang,Standard,5.7,6.3
1870,Truong THPT Thô Tang,Standard,5.4,6.7
1869,Truong THPT Thô Tang,Standard,5.6,6.4
1868,Truong THPT Thô Tang,Standard,5.4,6.6
1867,Truong THPT Thô Tang,Standard,5,6.3
1866,Truong THPT Thô Tang,Standard,5.4,6.3
1865,Truong THPT Thô Tang,Standard,4.8,6.1
1864,Truong THPT Thô Tang,Standard,6,6.9
1863,Truong THPT Thô Tang,Standard,5.4,6.3
1862,Truong THPT Thô Tang,Standard,5.5,6.5
1861,Truong THPT Thô Tang,Standard,5.2,6.8
1860,Truong THPT Thô Tang,Standard,4.9,6.5
1859,Truong THPT Thô Tang,Standard,5.5,6.1
1858,Truong THPT Thô Tang,Standard,5.2,6.6
1857,Truong THPT Thô Tang,Standard,5.5,6.4
2020,Truong THPT Sông Lô,Experimental,5,7.2
2019,Truong THPT Sông Lô,Experimental,5.7,7
2018,Truong THPT Sông Lô,Experimental,5.8,7
2017,Truong THPT Sông Lô,Experimental,6.1,7.2
2016,Truong THPT Sông Lô,Experimental,6,7
2015,Truong THPT Sông Lô,Experimental,5.5,7.1
2014,Truong THPT Sông Lô,Experimental,5.5,6.8
2013,Truong THPT Sông Lô,Experimental,5.5,7.4
2012,Truong THPT Sông Lô,Experimental,5.2,6.5
2011,Truong THPT Sông Lô,Experimental,5.3,7.2
2010,Truong THPT Sông Lô,Experimental,5.4,7.2
2009,Truong THPT Sông Lô,Experimental,5.1,6.2
2008,Truong THPT Sông Lô,Experimental,5.6,7.2
2007,Truong THPT Sông Lô,Experimental,5.9,7.7
2006,Truong THPT Sông Lô,Experimental,5.1,6.9
2005,Truong THPT Sông Lô,Experimental,5,6.9
2004,Truong THPT Sông Lô,Experimental,5.9,7.5
2003,Truong THPT Sông Lô,Experimental,5.9,7
2002,Truong THPT Sông Lô,Experimental,5.2,6.9
2001,Truong THPT Sông Lô,Experimental,5.4,6.9
2000,Truong THPT Sông Lô,Experimental,4.6,6.5
1999,Truong THPT Sông Lô,Experimental,4.9,6.7
1998,Truong THPT Sông Lô,Experimental,5.6,7
1997,Truong THPT Sông Lô,Experimental,5.4,7.2
1996,Truong THPT Sông Lô,Experimental,5.7,7.1
1995,Truong THPT Sông Lô,Experimental,5.4,6.8
1994,Truong THPT Sông Lô,Experimental,5.8,6.8
1993,Truong THPT Sông Lô,Experimental,5.9,7
1992,Truong THPT Sông Lô,Experimental,5.5,7.1
1991,Truong THPT Sông Lô,Experimental,5.1,6.9
1990,Truong THPT Sông Lô,Experimental,5.8,7.1
1989,Truong THPT Sông Lô,Experimental,5.4,7.4
1988,Truong THPT Sông Lô,Experimental,5.3,6.8
1987,Truong THPT Sông Lô,Experimental,5.2,6.8
1986,Truong THPT Sông Lô,Experimental,5.1,6.6
1985,Truong THPT Sông Lô,Experimental,5.4,7.2
1984,Truong THPT Sông Lô,Experimental,4.8,6.3
1983,Truong THPT Sông Lô,Experimental,5.6,7.4
1982,Truong THPT Sông Lô,Experimental,5.2,7
1981,Truong THPT Sông Lô,Experimental,5.3,6.1
1980,Truong THPT Sông Lô,Experimental,5.4,6.9
1979,Truong THPT Sông Lô,Experimental,5,6.7
1978,Truong THPT Sông Lô,Experimental,4.8,7
1977,Truong THPT Sông Lô,Experimental,5.6,7.5
1976,Truong THPT Sông Lô,Experimental,5.3,6.9
1975,Truong THPT Sông Lô,Standard,4.8,5.6
1974,Truong THPT Sông Lô,Standard,4.9,5.7
1973,Truong THPT Sông Lô,Standard,4,5.2
1972,Truong THPT Sông Lô,Standard,4.2,6.1
1971,Truong THPT Sông Lô,Standard,4.3,5.7
1970,Truong THPT Sông Lô,Standard,4.3,5.6
1969,Truong THPT Sông Lô,Standard,4.7,5.3
1968,Truong THPT Sông Lô,Standard,4.4,5.3
1967,Truong THPT Sông Lô,Standard,4.2,5.3
1966,Truong THPT Sông Lô,Standard,4.5,5.3
1965,Truong THPT Sông Lô,Standard,4.4,5.3
1964,Truong THPT Sông Lô,Standard,4.4,5.7
1963,Truong THPT Sông Lô,Standard,4.1,5
1962,Truong THPT Sông Lô,Standard,3.9,4.8
1961,Truong THPT Sông Lô,Standard,3.9,4.8
1960,Truong THPT Sông Lô,Standard,4.3,5.3
1959,Truong THPT Sông Lô,Standard,4.5,5.7
1958,Truong THPT Sông Lô,Standard,4.5,5.3
1957,Truong THPT Sông Lô,Standard,3.6,5.1
2020,Truong THPT Vinh Yên,Standard,4.7,5.8
2019,Truong THPT Vinh Yên,Standard,5,5.7
2018,Truong THPT Vinh Yên,Standard,4.8,5.3
2017,Truong THPT Vinh Yên,Standard,5.3,5.7
2016,Truong THPT Vinh Yên,Standard,4.6,5.9
2015,Truong THPT Vinh Yên,Standard,4.6,5.4
2014,Truong THPT Vinh Yên,Standard,4.5,5.1
2013,Truong THPT Vinh Yên,Standard,4.4,5.5
2012,Truong THPT Vinh Yên,Standard,5,5.6
2011,Truong THPT Vinh Yên,Standard,4.9,5.8
2010,Truong THPT Vinh Yên,Standard,4.2,5.6
2009,Truong THPT Vinh Yên,Standard,4.7,5.3
2008,Truong THPT Vinh Yên,Standard,4.4,5.7
2007,Truong THPT Vinh Yên,Standard,4.4,5.9
2006,Truong THPT Vinh Yên,Standard,4.9,5.5
2005,Truong THPT Vinh Yên,Standard,4.7,5.5
2004,Truong THPT Vinh Yên,Standard,4.2,5.4
2003,Truong THPT Vinh Yên,Standard,4.8,5.8
2002,Truong THPT Vinh Yên,Standard,4.5,5.1
2001,Truong THPT Vinh Yên,Standard,4.2,5.2
2000,Truong THPT Vinh Yên,Standard,4.3,6
1999,Truong THPT Vinh Yên,Standard,5.2,5.9
1998,Truong THPT Vinh Yên,Standard,4.1,5.3
1997,Truong THPT Vinh Yên,Standard,5,5.7
1996,Truong THPT Vinh Yên,Standard,4.2,5.1
1995,Truong THPT Vinh Yên,Standard,4.7,5.9
1994,Truong THPT Vinh Yên,Standard,4.1,5.7
1993,Truong THPT Vinh Yên,Standard,5.5,6.2
1992,Truong THPT Vinh Yên,Standard,4.8,5.8
1991,Truong THPT Vinh Yên,Standard,5.1,6.2
1990,Truong THPT Vinh Yên,Standard,4.2,5.1
1989,Truong THPT Vinh Yên,Standard,3.1,3.9
1988,Truong THPT Vinh Yên,Standard,3.5,4.3
1987,Truong THPT Vinh Yên,Standard,3.1,4.5
1986,Truong THPT Vinh Yên,Standard,3.8,4.5
1985,Truong THPT Vinh Yên,Standard,3.3,4.7
1984,Truong THPT Vinh Yên,Standard,2.7,4.2
1983,Truong THPT Vinh Yên,Standard,3.6,4.4
1982,Truong THPT Vinh Yên,Standard,3.3,4.6
1981,Truong THPT Vinh Yên,Standard,3,4.3
1980,Truong THPT Vinh Yên,Standard,3.3,4.3
1979,Truong THPT Vinh Yên,Standard,3.6,4.3
1978,Truong THPT Vinh Yên,Standard,3.6,4.5
1977,Truong THPT Vinh Yên,Standard,3,4.2
1976,Truong THPT Vinh Yên,Standard,3.3,4.3
1975,Truong THPT Vinh Yên,Standard,3.4,4.8
1974,Truong THPT Vinh Yên,Standard,3.7,4.1
1973,Truong THPT Vinh Yên,Standard,3.3,3.6
1972,Truong THPT Vinh Yên,Standard,3.3,4
1971,Truong THPT Vinh Yên,Standard,3.2,4.5
1970,Truong THPT Vinh Yên,Standard,2.9,4.4
1969,Truong THPT Vinh Yên,Standard,3.9,5.2
1968,Truong THPT Vinh Yên,Standard,3.8,4.8
1967,Truong THPT Vinh Yên,Standard,2.9,4.1
1966,Truong THPT Vinh Yên,Standard,3.3,4.6
1965,Truong THPT Vinh Yên,Standard,2.8,4.3
1964,Truong THPT Vinh Yên,Standard,3.3,4.1
1963,Truong THPT Vinh Yên,Standard,3.7,4.4
1962,Truong THPT Vinh Yên,Standard,2.8,4.5
1961,Truong THPT Vinh Yên,Standard,3.2,3.2
1960,Truong THPT Vinh Yên,Standard,3,4.3
1959,Truong THPT Vinh Yên,Standard,3.1,3.8
1958,Truong THPT Vinh Yên,Standard,2.7,4.3
1957,Truong THPT Vinh Yên,Standard,2.8,4.5
1956,Truong THPT Vinh Yên,Standard,3.2,3.8
1955,Truong THPT Vinh Yên,Standard,2.3,3.5
1954,Truong THPT Vinh Yên,Standard,3,3.9
1953,Truong THPT Vinh Yên,Standard,3.3,4.2
1952,Truong THPT Vinh Yên,Standard,3,3.9
1951,Truong THPT Vinh Yên,Standard,3,4.4
1950,Truong THPT Vinh Yên,Standard,2.6,3.4
1949,Truong THPT Vinh Yên,Standard,3.1,4.2
1948,Truong THPT Vinh Yên,Standard,3,4.1
1947,Truong THPT Vinh Yên,Standard,3.6,4.4
1946,Truong THPT Vinh Yên,Standard,2.7,3.9
1945,Truong THPT Vinh Yên,Standard,3.6,4.3
1944,Truong THPT Vinh Yên,Standard,3,4.1
1943,Truong THPT Vinh Yên,Standard,3.2,4.2
1942,Truong THPT Vinh Yên,Standard,3.1,4.5
1941,Truong THPT Vinh Yên,Standard,3.4,4.3
1940,Truong THPT Vinh Yên,Standard,3,4
1939,Truong THPT Vinh Yên,Standard,3,4.4
1938,Truong THPT Vinh Yên,Standard,3.3,4
1937,Truong THPT Vinh Yên,Standard,4.1,4.9
1936,Truong THPT Vinh Yên,Standard,4,5
1935,Truong THPT Vinh Yên,Standard,3.7,4.5
1934,Truong THPT Vinh Yên,Standard,3.7,4.4
1933,Truong THPT Vinh Yên,Standard,4,5.1
1932,Truong THPT Vinh Yên,Standard,4.1,5.1
1931,Truong THPT Vinh Yên,Standard,3.7,5
1930,Truong THPT Vinh Yên,Standard,3.6,4.9
1929,Truong THPT Vinh Yên,Standard,4.1,5.4
1928,Truong THPT Vinh Yên,Standard,4,5.2
1927,Truong THPT Vinh Yên,Standard,3.9,4.6
1926,Truong THPT Vinh Yên,Standard,4,4.9
1925,Truong THPT Vinh Yên,Standard,4.2,5
1924,Truong THPT Vinh Yên,Standard,3.9,4.8
1923,Truong THPT Vinh Yên,Standard,4.5,5.4
1922,Truong THPT Vinh Yên,Standard,4.2,4.8
1921,Truong THPT Vinh Yên,Standard,4.3,5.4
1920,Truong THPT Vinh Yên,Standard,4.4,5.4
1919,Truong THPT Vinh Yên,Standard,4,5.1
1918,Truong THPT Vinh Yên,Standard,3.6,4.8
1917,Truong THPT Vinh Yên,Standard,4.7,5.5
1916,Truong THPT Vinh Yên,Standard,4.3,5.3
1915,Truong THPT Vinh Yên,Standard,3.8,5.1
1914,Truong THPT Vinh Yên,Standard,4,5.4
1913,Truong THPT Vinh Yên,Standard,4.4,5.2
1912,Truong THPT Vinh Yên,Standard,4,5.2
1911,Truong THPT Vinh Yên,Standard,4.3,5.3
1910,Truong THPT Vinh Yên,Standard,3.6,5
1909,Truong THPT Vinh Yên,Standard,4,5.1
1908,Truong THPT Vinh Yên,Standard,4.1,4.7
1907,Truong THPT Vinh Yên,Standard,3.9,4.7
1906,Truong THPT Vinh Yên,Standard,4.1,4.7
1905,Truong THPT Vinh Yên,Standard,3.9,4.8
1904,Truong THPT Vinh Yên,Standard,3.7,4.6
1903,Truong THPT Vinh Yên,Standard,4.4,5.2
1902,Truong THPT Vinh Yên,Standard,3.8,4.4
1901,Truong THPT Vinh Yên,Standard,3.5,5.2
1900,Truong THPT Vinh Yên,Standard,3.5,4.8
1899,Truong THPT Vinh Yên,Standard,3.8,5.1
1898,Truong THPT Vinh Yên,Standard,4.1,5.2
1897,Truong THPT Vinh Yên,Standard,3.1,4.4
1896,Truong THPT Vinh Yên,Standard,3.7,4.7
1895,Truong THPT Vinh Yên,Standard,3.6,4.8
1894,Truong THPT Vinh Yên,Standard,4.1,4.6
1893,Truong THPT Vinh Yên,Standard,3.9,5
1892,Truong THPT Vinh Yên,Standard,3.6,5.3
1891,Truong THPT Vinh Yên,Standard,3.7,4.8
1890,Truong THPT Vinh Yên,Standard,3.8,4.8
1889,Truong THPT Vinh Yên,Standard,3.9,4.7
1888,Truong THPT Vinh Yên,Experimental,3.5,5.5
1887,Truong THPT Vinh Yên,Experimental,3.7,5.4
1886,Truong THPT Vinh Yên,Experimental,4,5.9
1885,Truong THPT Vinh Yên,Experimental,3.7,6.1
1884,Truong THPT Vinh Yên,Experimental,4,5.7
1883,Truong THPT Vinh Yên,Experimental,3.4,5.4
1882,Truong THPT Vinh Yên,Experimental,3.9,5.6
1881,Truong THPT Vinh Yên,Experimental,3.6,5.5
1880,Truong THPT Vinh Yên,Experimental,3.6,5.7
1879,Truong THPT Vinh Yên,Experimental,4.5,6.4
1878,Truong THPT Vinh Yên,Experimental,3.6,5.7
1877,Truong THPT Vinh Yên,Experimental,4,6
1876,Truong THPT Vinh Yên,Experimental,4.2,5.5
1875,Truong THPT Vinh Yên,Experimental,3.8,5.9
1874,Truong THPT Vinh Yên,Experimental,4,5.6
1873,Truong THPT Vinh Yên,Experimental,3.4,5.6
1872,Truong THPT Vinh Yên,Experimental,4,5.4
1871,Truong THPT Vinh Yên,Experimental,3.8,5.3
1870,Truong THPT Vinh Yên,Experimental,4,5
1869,Truong THPT Vinh Yên,Experimental,4,5.5
1868,Truong THPT Vinh Yên,Experimental,4.2,6
1867,Truong THPT Vinh Yên,Experimental,3.6,5.9
1866,Truong THPT Vinh Yên,Experimental,3.6,5.1
1865,Truong THPT Vinh Yên,Experimental,4.1,5.8
1864,Truong THPT Vinh Yên,Experimental,4.4,5.8
1863,Truong THPT Vinh Yên,Experimental,3.9,5.6
2020,Truong THPT Xuân Hoa,Standard,7.4,8.2
2019,Truong THPT Xuân Hoa,Standard,7.4,8.5
2018,Truong THPT Xuân Hoa,Standard,7.2,7.6
2017,Truong THPT Xuân Hoa,Standard,7.1,8
2016,Truong THPT Xuân Hoa,Standard,7.7,8.5
2015,Truong THPT Xuân Hoa,Standard,7.9,8.6
2014,Truong THPT Xuân Hoa,Standard,7.3,8.2
2013,Truong THPT Xuân Hoa,Standard,7.4,8.2
2012,Truong THPT Xuân Hoa,Standard,7.3,8.5
2011,Truong THPT Xuân Hoa,Standard,7.4,8.5
2010,Truong THPT Xuân Hoa,Standard,7.2,8.7
2009,Truong THPT Xuân Hoa,Standard,6.6,8.8
2008,Truong THPT Xuân Hoa,Standard,7.5,8.6
2007,Truong THPT Xuân Hoa,Standard,7.4,8.5
2006,Truong THPT Xuân Hoa,Standard,7.4,8.4
2005,Truong THPT Xuân Hoa,Standard,7.4,8.5
2004,Truong THPT Xuân Hoa,Standard,7.4,8.5
2003,Truong THPT Xuân Hoa,Standard,6.9,8
2002,Truong THPT Xuân Hoa,Standard,7.1,8
2001,Truong THPT Xuân Hoa,Standard,7.4,8.5
2000,Truong THPT Xuân Hoa,Standard,6.9,8.1
1999,Truong THPT Xuân Hoa,Standard,7.2,8
1998,Truong THPT Xuân Hoa,Experimental,8.2,9.3
1997,Truong THPT Xuân Hoa,Experimental,7.9,9
1996,Truong THPT Xuân Hoa,Experimental,7.3,9.2
1995,Truong THPT Xuân Hoa,Experimental,7.8,9.7
1994,Truong THPT Xuân Hoa,Experimental,7.4,9.3
1993,Truong THPT Xuân Hoa,Experimental,8.2,8.7
1992,Truong THPT Xuân Hoa,Experimental,7.4,9.5
1991,Truong THPT Xuân Hoa,Experimental,7.7,9.1
1990,Truong THPT Xuân Hoa,Experimental,7.8,9.1
1989,Truong THPT Xuân Hoa,Experimental,7.9,9.9
1988,Truong THPT Xuân Hoa,Experimental,7.6,9.2
1987,Truong THPT Xuân Hoa,Experimental,7.5,9.1
1986,Truong THPT Xuân Hoa,Experimental,7.2,8.7
1985,Truong THPT Xuân Hoa,Experimental,7.7,8.8
1984,Truong THPT Xuân Hoa,Experimental,7.1,8.8
1983,Truong THPT Xuân Hoa,Experimental,8,9.5
1982,Truong THPT Xuân Hoa,Experimental,7.3,8.9
1981,Truong THPT Xuân Hoa,Experimental,7.7,9.4
1980,Truong THPT Xuân Hoa,Experimental,7.8,9.5
1979,Truong THPT Xuân Hoa,Experimental,7.6,9
1978,Truong THPT Xuân Hoa,Experimental,7.8,9.6
1977,Truong THPT Xuân Hoa,Standard,7.8,8.8
1976,Truong THPT Xuân Hoa,Standard,7.5,8.8
1975,Truong THPT Xuân Hoa,Standard,7.6,7.9
1974,Truong THPT Xuân Hoa,Standard,7.5,8.4
1973,Truong THPT Xuân Hoa,Standard,7,8.7
1972,Truong THPT Xuân Hoa,Standard,7,8.6
1971,Truong THPT Xuân Hoa,Standard,6.9,8.3
1970,Truong THPT Xuân Hoa,Standard,7.6,8.3
1969,Truong THPT Xuân Hoa,Standard,7.1,8.3
1968,Truong THPT Xuân Hoa,Standard,7.3,8.2
1967,Truong THPT Xuân Hoa,Standard,7.3,8
1966,Truong THPT Xuân Hoa,Standard,7.8,8.1
1965,Truong THPT Xuân Hoa,Standard,7.7,8.3
1964,Truong THPT Xuân Hoa,Standard,7.5,8.6
1963,Truong THPT Xuân Hoa,Standard,7.7,8.7
1962,Truong THPT Xuân Hoa,Standard,7.1,7.9
1961,Truong THPT Xuân Hoa,Standard,6.9,7.9
1960,Truong THPT Xuân Hoa,Experimental,8.5,9.8
1959,Truong THPT Xuân Hoa,Experimental,8.3,9.6
1958,Truong THPT Xuân Hoa,Experimental,8.4,9.9
1957,Truong THPT Xuân Hoa,Experimental,8.6,10
1956,Truong THPT Xuân Hoa,Experimental,8.3,10
1955,Truong THPT Xuân Hoa,Experimental,8.9,9.8
1954,Truong THPT Xuân Hoa,Experimental,8.5,10
1953,Truong THPT Xuân Hoa,Experimental,8,9.5
1952,Truong THPT Xuân Hoa,Experimental,8.3,10
1951,Truong THPT Xuân Hoa,Experimental,9.3,10
1950,Truong THPT Xuân Hoa,Experimental,8.3,10
1949,Truong THPT Xuân Hoa,Experimental,8.6,9.8
1948,Truong THPT Xuân Hoa,Experimental,8.8,10
1947,Truong THPT Xuân Hoa,Experimental,8.4,9.6
1946,Truong THPT Xuân Hoa,Experimental,8.1,9.5
1945,Truong THPT Xuân Hoa,Experimental,8.7,9.8
1944,Truong THPT Xuân Hoa,Experimental,8.1,10
1943,Truong THPT Xuân Hoa,Standard,6.4,7.5
1942,Truong THPT Xuân Hoa,Standard,7.1,8.1
1941,Truong THPT Xuân Hoa,Standard,6.4,8.1
1940,Truong THPT Xuân Hoa,Standard,6.6,8.2
1939,Truong THPT Xuân Hoa,Standard,7.2,7.9
1938,Truong THPT Xuân Hoa,Standard,7.1,7.5
1937,Truong THPT Xuân Hoa,Standard,6.7,8.1
1936,Truong THPT Xuân Hoa,Standard,6.6,7.6
1935,Truong THPT Xuân Hoa,Standard,6.8,7.9
1934,Truong THPT Xuân Hoa,Standard,7.3,8.1
1933,Truong THPT Xuân Hoa,Standard,6.8,8
1932,Truong THPT Xuân Hoa,Standard,7.1,8.1
1931,Truong THPT Xuân Hoa,Standard,6.8,7.6
1930,Truong THPT Xuân Hoa,Standard,6.3,7.7
1929,Truong THPT Xuân Hoa,Standard,7,8.6
1928,Truong THPT Xuân Hoa,Standard,6.8,7.7
1927,Truong THPT Xuân Hoa,Standard,7.1,7.4
2020,Truong THPT Yên Lac,Experimental,3.9,5.9
2019,Truong THPT Yên Lac,Experimental,3.9,5.3
2018,Truong THPT Yên Lac,Experimental,3.9,5.9
2017,Truong THPT Yên Lac,Experimental,4.2,5.5
2016,Truong THPT Yên Lac,Experimental,3.9,5.7
2015,Truong THPT Yên Lac,Experimental,4.3,5.7
2014,Truong THPT Yên Lac,Experimental,3.7,5.2
2013,Truong THPT Yên Lac,Experimental,4.5,6.7
2012,Truong THPT Yên Lac,Experimental,4.5,6.1
2011,Truong THPT Yên Lac,Experimental,3.8,5.7
2010,Truong THPT Yên Lac,Experimental,4.1,5.1
2009,Truong THPT Yên Lac,Experimental,4,5.8
2008,Truong THPT Yên Lac,Experimental,4.1,5.5
2007,Truong THPT Yên Lac,Experimental,4.7,6.2
2006,Truong THPT Yên Lac,Experimental,4.9,6.2
2005,Truong THPT Yên Lac,Experimental,4.4,5.7
2004,Truong THPT Yên Lac,Experimental,4.2,5.6
2003,Truong THPT Yên Lac,Experimental,4.2,5
2002,Truong THPT Yên Lac,Experimental,4.3,5.6
2001,Truong THPT Yên Lac,Experimental,4.3,5.5
2000,Truong THPT Yên Lac,Experimental,4.3,5.6
1999,Truong THPT Yên Lac,Experimental,3.7,5.7
1998,Truong THPT Yên Lac,Experimental,5.1,6.7
1997,Truong THPT Yên Lac,Experimental,4.5,5.8
1996,Truong THPT Yên Lac,Experimental,4.3,6.2
1995,Truong THPT Yên Lac,Experimental,4.3,6.1
1994,Truong THPT Yên Lac,Experimental,3.9,5.5
1993,Truong THPT Yên Lac,Standard,4.4,5.6
1992,Truong THPT Yên Lac,Standard,4,5.6
1991,Truong THPT Yên Lac,Standard,3.8,4.9
1990,Truong THPT Yên Lac,Standard,4.1,4.7
1989,Truong THPT Yên Lac,Standard,4.2,5.1
1988,Truong THPT Yên Lac,Standard,4.3,5.6
1987,Truong THPT Yên Lac,Standard,3.9,5.5
1986,Truong THPT Yên Lac,Standard,4.1,5.4
1985,Truong THPT Yên Lac,Standard,3.9,5.4
1984,Truong THPT Yên Lac,Standard,42,5.6
1983,Truong THPT Yên Lac,Standard,4.7,5.4
1982,Truong THPT Yên Lac,Standard,4.8,5.2
1981,Truong THPT Yên Lac,Standard,4.1,4.7
1980,Truong THPT Yên Lac,Standard,3.7,4.9
1979,Truong THPT Yên Lac,Standard,4.2,4.9
1978,Truong THPT Yên Lac,Standard,4.2,5.1
1977,Truong THPT Yên Lac,Standard,3.8,4.8
1976,Truong THPT Yên Lac,Standard,4.5,5
1975,Truong THPT Yên Lac,Standard,4.2,5.4
1974,Truong THPT Yên Lac,Standard,4.4,5.2
1973,Truong THPT Yên Lac,Standard,3.9,4.8
1972,Truong THPT Yên Lac,Standard,4.2,5.3
1971,Truong THPT Yên Lac,Standard,4.4,4.4
1970,Truong THPT Yên Lac,Standard,3.9,5.1
1969,Truong THPT Yên Lac,Standard,3.9,4.7
2020,Truong THPT Xuân Lôc,Standard,4.8,5.8
2019,Truong THPT Xuân Lôc,Standard,4.8,6
2018,Truong THPT Xuân Lôc,Standard,5.2,5.9
2017,Truong THPT Xuân Lôc,Standard,4.8,5.5
2016,Truong THPT Xuân Lôc,Standard,4.5,5.9
2015,Truong THPT Xuân Lôc,Standard,4.3,6.2
2014,Truong THPT Xuân Lôc,Standard,5.1,6.2
2013,Truong THPT Xuân Lôc,Standard,4.9,6.2
2012,Truong THPT Xuân Lôc,Standard,4.5,5.6
2011,Truong THPT Xuân Lôc,Standard,5.1,6.1
2010,Truong THPT Xuân Lôc,Standard,4.9,5.5
2009,Truong THPT Xuân Lôc,Standard,4.8,5.4
2008,Truong THPT Xuân Lôc,Standard,4.5,5.4
2007,Truong THPT Xuân Lôc,Standard,4.8,5.3
2006,Truong THPT Xuân Lôc,Standard,5,5.5
2005,Truong THPT Xuân Lôc,Standard,4.6,5.7
2004,Truong THPT Xuân Lôc,Standard,5,5.9
2003,Truong THPT Xuân Lôc,Standard,4.8,5.4
2002,Truong THPT Xuân Lôc,Standard,5.3,6.2
2001,Truong THPT Xuân Lôc,Standard,4.7,5.6
2000,Truong THPT Xuân Lôc,Standard,3.2,4
1999,Truong THPT Xuân Lôc,Standard,3,4.3
1998,Truong THPT Xuân Lôc,Standard,2.8,4.2
1997,Truong THPT Xuân Lôc,Standard,3,4.2
1996,Truong THPT Xuân Lôc,Standard,2.9,4.2
1995,Truong THPT Xuân Lôc,Standard,3,3.6
1994,Truong THPT Xuân Lôc,Standard,3.4,4.1
1993,Truong THPT Xuân Lôc,Standard,2.8,3.7
1992,Truong THPT Xuân Lôc,Standard,2.9,3.9
1991,Truong THPT Xuân Lôc,Standard,2.9,4.1
1990,Truong THPT Xuân Lôc,Standard,2.9,4
1989,Truong THPT Xuân Lôc,Standard,2.9,4
1988,Truong THPT Xuân Lôc,Standard,3.2,3.9
1987,Truong THPT Xuân Lôc,Standard,2.9,4.3
1986,Truong THPT Xuân Lôc,Standard,3.1,4.2
1985,Truong THPT Xuân Lôc,Standard,2.7,4.1
1984,Truong THPT Xuân Lôc,Standard,3.4,4
1983,Truong THPT Xuân Lôc,Standard,2.7,4.3
1982,Truong THPT Xuân Lôc,Standard,3.1,3.7
1981,Truong THPT Xuân Lôc,Standard,2.6,3.8
1980,Truong THPT Xuân Lôc,Standard,3.2,4.3
1979,Truong THPT Xuân Lôc,Standard,3,4.2
1978,Truong THPT Xuân Lôc,Standard,3.3,4.2
1977,Truong THPT Xuân Lôc,Standard,3.4,4.4
1976,Truong THPT Xuân Lôc,Standard,2.9,4.3
1975,Truong THPT Xuân Lôc,Standard,3.1,4.2
1974,Truong THPT Xuân Lôc,Standard,3.3,3.9
1973,Truong THPT Xuân Lôc,Standard,3.3,4.4
1972,Truong THPT Xuân Lôc,Standard,3.3,4.5
1971,Truong THPT Xuân Lôc,Standard,3.8,4.4
1970,Truong THPT Xuân Lôc,Standard,3.6,4.6
1969,Truong THPT Xuân Lôc,Standard,3.6,4.3
1968,Truong THPT Xuân Lôc,Standard,3.3,4.3
1967,Truong THPT Xuân Lôc,Standard,3.7,4.3
1966,Truong THPT Xuân Lôc,Standard,3.4,4.5
1965,Truong THPT Xuân Lôc,Standard,2.9,3.9
1964,Truong THPT Xuân Lôc,Standard,3.3,4.2
1963,Truong THPT Xuân Lôc,Standard,3.2,4.5
1962,Truong THPT Xuân Lôc,Standard,3.4,4.7
1961,Truong THPT Xuân Lôc,Standard,3.4,4.5
1960,Truong THPT Xuân Lôc,Standard,3.6,4.9
1959,Truong THPT Xuân Lôc,Standard,3.3,4.5
1958,Truong THPT Xuân Lôc,Standard,3.2,4.4
1957,Truong THPT Xuân Lôc,Standard,3.6,4.9
1956,Truong THPT Xuân Lôc,Standard,3,4.3
1955,Truong THPT Xuân Lôc,Standard,3.2,4.5
1954,Truong THPT Xuân Lôc,Standard,4.8,5.4
1953,Truong THPT Xuân Lôc,Standard,4,4.9
1952,Truong THPT Xuân Lôc,Standard,4.2,5.6
1951,Truong THPT Xuân Lôc,Standard,4.3,5.9
1950,Truong THPT Xuân Lôc,Standard,4.5,5.5
1949,Truong THPT Xuân Lôc,Standard,4.3,5.7
1948,Truong THPT Xuân Lôc,Standard,4.7,5.9
1947,Truong THPT Xuân Lôc,Standard,4.4,5.5
1946,Truong THPT Xuân Lôc,Standard,4.6,5
1945,Truong THPT Xuân Lôc,Standard,4.5,5.4
1944,Truong THPT Xuân Lôc,Standard,4.5,5.2
1943,Truong THPT Xuân Lôc,Standard,4.7,5.4
1942,Truong THPT Xuân Lôc,Standard,4.3,5.2
1941,Truong THPT Xuân Lôc,Standard,4.1,5.3
1940,Truong THPT Xuân Lôc,Standard,4.3,5.5
1939,Truong THPT Xuân Lôc,Standard,5,6
1938,Truong THPT Xuân Lôc,Standard,4.2,5
1937,Truong THPT Xuân Lôc,Standard,4.2,5.7
1936,Truong THPT Xuân Lôc,Standard,3.7,5.2
1935,Truong THPT Xuân Lôc,Standard,4.5,5.6
1934,Truong THPT Xuân Lôc,Standard,4.3,5.9
1933,Truong THPT Xuân Lôc,Standard,4.7,6.2
1932,Truong THPT Xuân Lôc,Standard,2.8,4
1931,Truong THPT Xuân Lôc,Standard,3.9,4.7
1930,Truong THPT Xuân Lôc,Standard,3.6,5.1
1929,Truong THPT Xuân Lôc,Standard,3.4,4.9
1928,Truong THPT Xuân Lôc,Standard,3.5,4.6
1927,Truong THPT Xuân Lôc,Standard,3.1,4.6
1926,Truong THPT Xuân Lôc,Standard,2.9,4.4
1925,Truong THPT Xuân Lôc,Standard,3.2,4.6
1924,Truong THPT Xuân Lôc,Standard,3.2,3.8
1923,Truong THPT Xuân Lôc,Standard,3.1,4.5
1922,Truong THPT Xuân Lôc,Standard,3.3,4.6
1921,Truong THPT Xuân Lôc,Standard,3.2,4.1
1920,Truong THPT Xuân Lôc,Standard,3.5,4.5
1919,Truong THPT Xuân Lôc,Standard,3.1,4.2
1918,Truong THPT Xuân Lôc,Standard,3.6,4
1917,Truong THPT Xuân Lôc,Standard,3.5,4.5
1916,Truong THPT Xuân Lôc,Standard,2.6,3.7
1915,Truong THPT Xuân Lôc,Standard,3,4.4
1914,Truong THPT Xuân Lôc,Standard,3.4,4.1
1913,Truong THPT Xuân Lôc,Standard,2.9,4.3
1912,Truong THPT Xuân Lôc,Standard,3.1,4.7
1911,Truong THPT Xuân Lôc,Standard,3.2,4.1
1910,Truong THPT Xuân Lôc,Standard,3.6,4.5
2020,Truong THPT Liên Sơn,Standard,6.5,7.6
2019,Truong THPT Liên Sơn,Standard,6.6,6.9
2018,Truong THPT Liên Sơn,Standard,5.8,7
2017,Truong THPT Liên Sơn,Standard,6.7,7.9
2016,Truong THPT Liên Sơn,Standard,6,7
2015,Truong THPT Liên Sơn,Standard,5.9,6.9
2014,Truong THPT Liên Sơn,Standard,5.8,7.1
2013,Truong THPT Liên Sơn,Standard,6.2,7.4
2012,Truong THPT Liên Sơn,Standard,6,6.8
2011,Truong THPT Liên Sơn,Standard,6.6,7.4
2010,Truong THPT Liên Sơn,Standard,5.9,7
2009,Truong THPT Liên Sơn,Standard,6.3,7
2008,Truong THPT Liên Sơn,Standard,5.7,6.7
2007,Truong THPT Liên Sơn,Standard,5.8,7
2006,Truong THPT Liên Sơn,Standard,5.8,7.1
2005,Truong THPT Liên Sơn,Standard,6.5,7.1
2004,Truong THPT Liên Sơn,Standard,6.7,7.4
2003,Truong THPT Liên Sơn,Standard,6.6,7.2
2002,Truong THPT Liên Sơn,Standard,6.3,7.2
2001,Truong THPT Liên Sơn,Standard,5.9,7.3
2000,Truong THPT Liên Sơn,Standard,6.4,7.3
1999,Truong THPT Liên Sơn,Standard,6.2,7.1
1998,Truong THPT Liên Sơn,Standard,5.3,7.1
1997,Truong THPT Liên Sơn,Standard,5.6,7.1
1996,Truong THPT Liên Sơn,Standard,6.6,7.2
1995,Truong THPT Liên Sơn,Standard,6.5,7.2
1994,Truong THPT Liên Sơn,Standard,6.2,7
1993,Truong THPT Liên Sơn,Standard,6,7.5
1992,Truong THPT Liên Sơn,Standard,5.9,6.7
1991,Truong THPT Liên Sơn,Standard,6,7
1990,Truong THPT Liên Sơn,Standard,6.3,7.2
1989,Truong THPT Liên Sơn,Standard,6.2,7.3
1988,Truong THPT Liên Sơn,Standard,6.6,7.1
1987,Truong THPT Liên Sơn,Standard,5.6,6.3
1986,Truong THPT Liên Sơn,Standard,6,7.1
1985,Truong THPT Liên Sơn,Standard,5.9,6.9
1984,Truong THPT Liên Sơn,Standard,5.4,6.5
1983,Truong THPT Liên Sơn,Standard,6.1,7
1982,Truong THPT Liên Sơn,Standard,6,6.6
1981,Truong THPT Liên Sơn,Standard,6,7
1980,Truong THPT Liên Sơn,Experimental,6.5,8.2
1979,Truong THPT Liên Sơn,Experimental,6.6,8.2
1978,Truong THPT Liên Sơn,Experimental,6.7,8.3
1977,Truong THPT Liên Sơn,Experimental,6.8,8.4
1976,Truong THPT Liên Sơn,Experimental,6.3,7.4
1975,Truong THPT Liên Sơn,Experimental,6.3,8
1974,Truong THPT Liên Sơn,Experimental,5.6,7.2
1973,Truong THPT Liên Sơn,Experimental,6,7.8
1972,Truong THPT Liên Sơn,Experimental,6.3,8.1
1971,Truong THPT Liên Sơn,Experimental,6.5,8
1970,Truong THPT Liên Sơn,Experimental,6.8,8
1969,Truong THPT Liên Sơn,Experimental,6.4,7.9
1968,Truong THPT Liên Sơn,Experimental,6.5,7.9
1967,Truong THPT Liên Sơn,Experimental,6.7,8.3
1966,Truong THPT Liên Sơn,Experimental,6.2,8
1965,Truong THPT Liên Sơn,Experimental,6.3,8.3
1964,Truong THPT Liên Sơn,Experimental,6.7,7.8
2020,Truong THPT Hoa Binh,Experimental,5.6,7.1
2019,Truong THPT Hoa Binh,Experimental,6.2,7.7
2018,Truong THPT Hoa Binh,Experimental,6.3,7.7
2017,Truong THPT Hoa Binh,Experimental,5.8,7.9
2016,Truong THPT Hoa Binh,Experimental,6.1,7.8
2015,Truong THPT Hoa Binh,Experimental,6.5,7.8
2014,Truong THPT Hoa Binh,Experimental,5.8,7.2
2013,Truong THPT Hoa Binh,Experimental,6.1,8
2012,Truong THPT Hoa Binh,Experimental,6.7,8.4
2011,Truong THPT Hoa Binh,Experimental,5.8,7.8
2010,Truong THPT Hoa Binh,Experimental,6.2,7.8
2009,Truong THPT Hoa Binh,Experimental,6.5,7.8
2008,Truong THPT Hoa Binh,Experimental,6.3,8.1
2007,Truong THPT Hoa Binh,Experimental,6.2,7.7
2006,Truong THPT Hoa Binh,Experimental,6.2,8.2
2005,Truong THPT Hoa Binh,Experimental,6.3,8.2
2004,Truong THPT Hoa Binh,Experimental,6,8.1
2003,Truong THPT Hoa Binh,Standard,5,6
2002,Truong THPT Hoa Binh,Standard,4.7,6.2
2001,Truong THPT Hoa Binh,Standard,4.8,5.8
2000,Truong THPT Hoa Binh,Standard,4.3,5.1
1999,Truong THPT Hoa Binh,Standard,5,5.9
1998,Truong THPT Hoa Binh,Standard,4.8,5.8
1997,Truong THPT Hoa Binh,Standard,4.8,6
1996,Truong THPT Hoa Binh,Standard,4.4,5.6
1995,Truong THPT Hoa Binh,Standard,5.1,6
1994,Truong THPT Hoa Binh,Standard,4.4,5.6
1993,Truong THPT Hoa Binh,Standard,5.3,6.2
1992,Truong THPT Hoa Binh,Standard,4.7,5.5
1991,Truong THPT Hoa Binh,Standard,4.6,5
1990,Truong THPT Hoa Binh,Standard,5,5.3
1989,Truong THPT Hoa Binh,Standard,5.3,5.9
1988,Truong THPT Hoa Binh,Standard,4.7,5.8
1987,Truong THPT Hoa Binh,Standard,4.5,5.7
1986,Truong THPT Hoa Binh,Standard,4.9,6
1985,Truong THPT Hoa Binh,Standard,4.5,5.6
1984,Truong THPT Hoa Binh,Standard,4.7,5.8
1983,Truong THPT Hoa Binh,Standard,4.9,6.8
1982,Truong THPT Hoa Binh,Standard,4.4,5.4
1981,Truong THPT Hoa Binh,Standard,6,7
1980,Truong THPT Hoa Binh,Standard,5.5,6.8
1979,Truong THPT Hoa Binh,Standard,5.9,6.8
1978,Truong THPT Hoa Binh,Standard,6,7.1
1977,Truong THPT Hoa Binh,Standard,6.4,7.6
1976,Truong THPT Hoa Binh,Standard,6.2,7.4
1975,Truong THPT Hoa Binh,Standard,6.3,7.1
1974,Truong THPT Hoa Binh,Standard,6,6.6
1973,Truong THPT Hoa Binh,Standard,5.8,6.8
1972,Truong THPT Hoa Binh,Standard,6.1,7.2
1971,Truong THPT Hoa Binh,Standard,6.2,7.3
1970,Truong THPT Hoa Binh,Standard,5.9,7.2
1969,Truong THPT Hoa Binh,Standard,5.7,7.3
1968,Truong THPT Hoa Binh,Standard,6.6,7.2
1967,Truong THPT Hoa Binh,Standard,6.1,7.5
1966,Truong THPT Hoa Binh,Standard,6.1,7.1
1965,Truong THPT Hoa Binh,Standard,5.5,6.8
1964,Truong THPT Hoa Binh,Standard,5.7,6.8
1963,Truong THPT Hoa Binh,Standard,5.8,6.8
1962,Truong THPT Hoa Binh,Standard,5.9,6.6
1961,Truong THPT Hoa Binh,Standard,6.2,6.9
1960,Truong THPT Hoa Binh,Standard,5.3,6.2
1959,Truong THPT Hoa Binh,Standard,5.2,7
1958,Truong THPT Hoa Binh,Standard,6.3,7.3
1957,Truong THPT Hoa Binh,Standard,5.5,6.2
1956,Truong THPT Hoa Binh,Standard,5.6,6.7
1955,Truong THPT Hoa Binh,Standard,5.7,6.7
1954,Truong THPT Hoa Binh,Standard,5.4,6.3
1953,Truong THPT Hoa Binh,Standard,5.9,6.2
1952,Truong THPT Hoa Binh,Standard,5.9,7.1
1951,Truong THPT Hoa Binh,Standard,5.5,6.6
1950,Truong THPT Hoa Binh,Standard,5.3,6.8
1949,Truong THPT Hoa Binh,Standard,5.7,6.7
1948,Truong THPT Hoa Binh,Standard,6.1,6.7
1947,Truong THPT Hoa Binh,Standard,5.7,6.9
1946,Truong THPT Hoa Binh,Standard,6,6.5
1945,Truong THPT Hoa Binh,Standard,5.8,7.4
1944,Truong THPT Hoa Binh,Standard,5.9,6.8
1943,Truong THPT Hoa Binh,Standard,5.8,6.6
1942,Truong THPT Hoa Binh,Standard,5.9,6.8
1941,Truong THPT Hoa Binh,Standard,5.8,7.4
1940,Truong THPT Hoa Binh,Standard,5.6,6.2
2020,Truong THPT Hoang Hoa Tham,Experimental,4.4,5.7
2019,Truong THPT Hoang Hoa Tham,Experimental,4.3,6.1
2018,Truong THPT Hoang Hoa Tham,Experimental,4.5,5.7
2017,Truong THPT Hoang Hoa Tham,Experimental,4.4,5.8
2016,Truong THPT Hoang Hoa Tham,Experimental,4.7,6.4
2015,Truong THPT Hoang Hoa Tham,Experimental,4.2,6.6
2014,Truong THPT Hoang Hoa Tham,Experimental,4.6,6.8
2013,Truong THPT Hoang Hoa Tham,Experimental,3.9,6
2012,Truong THPT Hoang Hoa Tham,Experimental,3.9,6.1
2011,Truong THPT Hoang Hoa Tham,Experimental,4.2,5.6
2010,Truong THPT Hoang Hoa Tham,Experimental,4,6
2009,Truong THPT Hoang Hoa Tham,Experimental,4.3,5.9
2008,Truong THPT Hoang Hoa Tham,Experimental,4.4,6
2007,Truong THPT Hoang Hoa Tham,Experimental,4.5,6
2006,Truong THPT Hoang Hoa Tham,Experimental,4.8,6
2005,Truong THPT Hoang Hoa Tham,Experimental,4.3,5.9
2004,Truong THPT Hoang Hoa Tham,Experimental,4.3,5.9
2003,Truong THPT Hoang Hoa Tham,Experimental,4.3,6.3
2002,Truong THPT Hoang Hoa Tham,Experimental,5,6.3
2001,Truong THPT Hoang Hoa Tham,Experimental,3.9,6.1
2000,Truong THPT Hoang Hoa Tham,Experimental,4.7,6.3
1999,Truong THPT Hoang Hoa Tham,Experimental,4.9,6.8
1998,Truong THPT Hoang Hoa Tham,Experimental,4.1,5.9
1997,Truong THPT Hoang Hoa Tham,Experimental,4.7,5.7
1996,Truong THPT Hoang Hoa Tham,Experimental,4.7,6.1
1995,Truong THPT Hoang Hoa Tham,Experimental,4.4,5.9
1994,Truong THPT Hoang Hoa Tham,Experimental,4.6,5.9
1993,Truong THPT Hoang Hoa Tham,Experimental,4.5,6.4
1992,Truong THPT Hoang Hoa Tham,Standard,5.2,5.9
1991,Truong THPT Hoang Hoa Tham,Standard,5,6.1
1990,Truong THPT Hoang Hoa Tham,Standard,5.4,6
1989,Truong THPT Hoang Hoa Tham,Standard,5,6.1
1988,Truong THPT Hoang Hoa Tham,Standard,4.6,6
1987,Truong THPT Hoang Hoa Tham,Standard,5.1,6.3
1986,Truong THPT Hoang Hoa Tham,Standard,4.9,5.9
1985,Truong THPT Hoang Hoa Tham,Standard,5.1,5.4
1984,Truong THPT Hoang Hoa Tham,Standard,4.6,5.4
1983,Truong THPT Hoang Hoa Tham,Standard,4.8,6.1
1982,Truong THPT Hoang Hoa Tham,Standard,5.4,6.4
1981,Truong THPT Hoang Hoa Tham,Standard,5.1,5.9
1980,Truong THPT Hoang Hoa Tham,Standard,5.3,5.7
1979,Truong THPT Hoang Hoa Tham,Standard,5.1,6.4
1978,Truong THPT Hoang Hoa Tham,Standard,5.1,5.8
1977,Truong THPT Hoang Hoa Tham,Standard,5,6.1
1976,Truong THPT Hoang Hoa Tham,Standard,4.9,5.6
1975,Truong THPT Hoang Hoa Tham,Standard,5,5.8
1974,Truong THPT Hoang Hoa Tham,Standard,5.3,6.1
1973,Truong THPT Hoang Hoa Tham,Standard,4.9,5.5
1972,Truong THPT Hoang Hoa Tham,Standard,4.9,5.9
1971,Truong THPT Hoang Hoa Tham,Standard,4.9,5.6
1970,Truong THPT Hoang Hoa Tham,Standard,4.5,5.8
1969,Truong THPT Hoang Hoa Tham,Standard,4.6,5.8
1968,Truong THPT Hoang Hoa Tham,Standard,5.3,5.8
1967,Truong THPT Hoang Hoa Tham,Standard,4.9,5.8
1966,Truong THPT Hoang Hoa Tham,Standard,5.5,6.1
1965,Truong THPT Hoang Hoa Tham,Standard,5.3,6.3
1964,Truong THPT Hoang Hoa Tham,Standard,4.7,5.5
1963,Truong THPT Hoang Hoa Tham,Standard,5,6.1
1962,Truong THPT Hoang Hoa Tham,Standard,5,6.1
1961,Truong THPT Hoang Hoa Tham,Standard,5,6.1
1960,Truong THPT Hoang Hoa Tham,Standard,4.9,5.6
1959,Truong THPT Hoang Hoa Tham,Standard,5.2,6
1958,Truong THPT Hoang Hoa Tham,Standard,4.9,6
1957,Truong THPT Hoang Hoa Tham,Standard,4.6,5.7
1956,Truong THPT Hoang Hoa Tham,Standard,5,6.2
1955,Truong THPT Hoang Hoa Tham,Standard,5,5.9
1954,Truong THPT Hoang Hoa Tham,Standard,5,6.3
1953,Truong THPT Hoang Hoa Tham,Standard,5.2,6.1
1952,Truong THPT Hoang Hoa Tham,Standard,4.9,6.3
1951,Truong THPT Hoang Hoa Tham,Standard,4.8,6.6
1950,Truong THPT Hoang Hoa Tham,Standard,4.7,5.1
1949,Truong THPT Hoang Hoa Tham,Standard,5.4,6.4
1948,Truong THPT Hoang Hoa Tham,Standard,5.2,6
1947,Truong THPT Hoang Hoa Tham,Standard,4.9,6
1946,Truong THPT Hoang Hoa Tham,Standard,5.9,6.6
1945,Truong THPT Hoang Hoa Tham,Standard,4.9,6.6
1944,Truong THPT Hoang Hoa Tham,Standard,5.1,5.8
1943,Truong THPT Hoang Hoa Tham,Standard,5.5,6.4
1942,Truong THPT Hoang Hoa Tham,Standard,4.8,6.2
1941,Truong THPT Hoang Hoa Tham,Standard,5.1,6.4
1940,Truong THPT Hoang Hoa Tham,Standard,5.6,6.9
1939,Truong THPT Hoang Hoa Tham,Standard,5.4,6.5
1938,Truong THPT Hoang Hoa Tham,Standard,5.3,6.3
1937,Truong THPT Hoang Hoa Tham,Standard,5.1,6.2
1936,Truong THPT Hoang Hoa Tham,Standard,5.5,6.4
1935,Truong THPT Hoang Hoa Tham,Standard,5.5,6.9
1934,Truong THPT Hoang Hoa Tham,Standard,6,6.5
1933,Truong THPT Hoang Hoa Tham,Standard,5.1,6.2
1932,Truong THPT Hoang Hoa Tham,Standard,5.3,6.2
1931,Truong THPT Hoang Hoa Tham,Standard,5.1,6.2
1930,Truong THPT Hoang Hoa Tham,Standard,5.6,6
1929,Truong THPT Hoang Hoa Tham,Standard,5.4,6.2
1928,Truong THPT Hoang Hoa Tham,Standard,5.2,5.7
1927,Truong THPT Hoang Hoa Tham,Standard,5.4,6.4
1926,Truong THPT Hoang Hoa Tham,Standard,5.4,6.2
1925,Truong THPT Hoang Hoa Tham,Standard,5,5.6
1924,Truong THPT Hoang Hoa Tham,Standard,5.2,5.9
1923,Truong THPT Hoang Hoa Tham,Standard,5.1,6.1
1922,Truong THPT Hoang Hoa Tham,Standard,5.4,6.2
1921,Truong THPT Hoang Hoa Tham,Standard,4.7,5.8
1920,Truong THPT Hoang Hoa Tham,Standard,5.3,6.1
1919,Truong THPT Hoang Hoa Tham,Standard,5.2,6.5
1918,Truong THPT Hoang Hoa Tham,Experimental,6.3,7.1
1917,Truong THPT Hoang Hoa Tham,Experimental,6.2,7.8
1916,Truong THPT Hoang Hoa Tham,Experimental,6.3,7.6
1915,Truong THPT Hoang Hoa Tham,Experimental,6.2,8
1914,Truong THPT Hoang Hoa Tham,Experimental,6.3,7.6
1913,Truong THPT Hoang Hoa Tham,Experimental,6,7.5
1912,Truong THPT Hoang Hoa Tham,Experimental,5.9,8.5
1911,Truong THPT Hoang Hoa Tham,Experimental,5.7,7.8
1910,Truong THPT Hoang Hoa Tham,Experimental,6.5,7.8
1909,Truong THPT Hoang Hoa Tham,Experimental,5.7,8.1
1908,Truong THPT Hoang Hoa Tham,Experimental,5.8,7.8
1907,Truong THPT Hoang Hoa Tham,Experimental,5.8,7.7
1906,Truong THPT Hoang Hoa Tham,Experimental,5.9,7.6
1905,Truong THPT Hoang Hoa Tham,Experimental,6.3,7.6
1904,Truong THPT Hoang Hoa Tham,Experimental,6.7,7.9
1903,Truong THPT Hoang Hoa Tham,Experimental,6.5,7.8
1902,Truong THPT Hoang Hoa Tham,Experimental,6.3,7.9
1901,Truong THPT Hoang Hoa Tham,Experimental,6.5,7.9
1900,Truong THPT Hoang Hoa Tham,Experimental,5.7,7.3
1899,Truong THPT Hoang Hoa Tham,Experimental,6.2,7.6
1898,Truong THPT Hoang Hoa Tham,Experimental,6.3,7.4
1897,Truong THPT Hoang Hoa Tham,Experimental,6.5,7.6
1896,Truong THPT Hoang Hoa Tham,Experimental,6.1,7.9
1895,Truong THPT Hoang Hoa Tham,Experimental,6.6,8.1
1894,Truong THPT Hoang Hoa Tham,Experimental,6.2,8.1
1893,Truong THPT Hoang Hoa Tham,Standard,5.9,7.3
1892,Truong THPT Hoang Hoa Tham,Standard,5.7,6.8
1891,Truong THPT Hoang Hoa Tham,Standard,6.1,6.3
1890,Truong THPT Hoang Hoa Tham,Standard,5.4,6.6
1889,Truong THPT Hoang Hoa Tham,Standard,5.4,6.5
1888,Truong THPT Hoang Hoa Tham,Standard,5.9,7
1887,Truong THPT Hoang Hoa Tham,Standard,5.7,6.6
1886,Truong THPT Hoang Hoa Tham,Standard,5.7,6.4
1885,Truong THPT Hoang Hoa Tham,Standard,5.6,6.9
1884,Truong THPT Hoang Hoa Tham,Standard,5.3,6.7
1883,Truong THPT Hoang Hoa Tham,Standard,5.9,6.9
1882,Truong THPT Hoang Hoa Tham,Standard,6,7.4
1881,Truong THPT Hoang Hoa Tham,Standard,6.1,7.1
1880,Truong THPT Hoang Hoa Tham,Standard,5.8,7
1879,Truong THPT Hoang Hoa Tham,Standard,5.6,6.9
1878,Truong THPT Hoang Hoa Tham,Standard,5.6,6.6
1877,Truong THPT Hoang Hoa Tham,Standard,6.3,7.3
1876,Truong THPT Hoang Hoa Tham,Standard,5.8,7
1875,Truong THPT Hoang Hoa Tham,Standard,5.6,6.8
1874,Truong THPT Hoang Hoa Tham,Standard,5.9,6.8
1873,Truong THPT Hoang Hoa Tham,Standard,6.3,6.8
1872,Truong THPT Hoang Hoa Tham,Standard,5.9,7.1
2020,Truong THPT Thanh Xuân,Standard,6.1,7
2019,Truong THPT Thanh Xuân,Standard,5.6,6.4
2018,Truong THPT Thanh Xuân,Standard,6.4,6.8
2017,Truong THPT Thanh Xuân,Standard,6,6.7
2016,Truong THPT Thanh Xuân,Standard,5.6,7.3
2015,Truong THPT Thanh Xuân,Standard,5.3,6.7
2014,Truong THPT Thanh Xuân,Standard,6.3,6.9
2013,Truong THPT Thanh Xuân,Standard,5.5,6.9
2012,Truong THPT Thanh Xuân,Standard,5.5,6.4
2011,Truong THPT Thanh Xuân,Standard,6,7.1
2010,Truong THPT Thanh Xuân,Standard,5.9,6.5
2009,Truong THPT Thanh Xuân,Standard,5.8,6.8
2008,Truong THPT Thanh Xuân,Standard,5.5,6.5
2007,Truong THPT Thanh Xuân,Standard,6.2,6.7
2006,Truong THPT Thanh Xuân,Standard,5,6.5
2005,Truong THPT Thanh Xuân,Standard,5.9,6.9
2004,Truong THPT Thanh Xuân,Standard,5.6,6.6
2003,Truong THPT Thanh Xuân,Standard,6.3,7.5
2002,Truong THPT Thanh Xuân,Standard,5.9,7
2001,Truong THPT Thanh Xuân,Standard,6.4,7
2000,Truong THPT Thanh Xuân,Standard,6.4,6.9
1999,Truong THPT Thanh Xuân,Standard,6,7
1998,Truong THPT Thanh Xuân,Standard,6.7,8.1
1997,Truong THPT Thanh Xuân,Standard,6.2,6.8
1996,Truong THPT Thanh Xuân,Standard,6.8,7.8
1995,Truong THPT Thanh Xuân,Standard,5.8,7
1994,Truong THPT Thanh Xuân,Standard,6.1,7.3
1993,Truong THPT Thanh Xuân,Standard,6.5,7.6
1992,Truong THPT Thanh Xuân,Standard,5.8,7.4
1991,Truong THPT Thanh Xuân,Standard,6.1,7.9
1990,Truong THPT Thanh Xuân,Standard,6.7,7.3
1989,Truong THPT Thanh Xuân,Standard,6.6,7.6
1988,Truong THPT Thanh Xuân,Standard,6.6,7.2
1987,Truong THPT Thanh Xuân,Standard,7,8.3
1986,Truong THPT Thanh Xuân,Standard,6.2,7.4
1985,Truong THPT Thanh Xuân,Standard,6.2,7.2
1984,Truong THPT Thanh Xuân,Standard,6.5,7.7
1983,Truong THPT Thanh Xuân,Standard,6.6,7.5
1982,Truong THPT Thanh Xuân,Standard,6.4,7.3
1981,Truong THPT Thanh Xuân,Standard,6.5,7.2
1980,Truong THPT Thanh Xuân,Standard,6.9,7.9
1979,Truong THPT Thanh Xuân,Standard,6.2,6.8
1978,Truong THPT Thanh Xuân,Standard,6.8,7.4
1977,Truong THPT Thanh Xuân,Standard,6.3,7.1
1976,Truong THPT Thanh Xuân,Standard,7,7.5
1975,Truong THPT Thanh Xuân,Standard,5.4,6.8
1974,Truong THPT Thanh Xuân,Standard,6.2,6.9
1973,Truong THPT Thanh Xuân,Standard,5.8,6.7
1972,Truong THPT Thanh Xuân,Standard,6,6.8
1971,Truong THPT Thanh Xuân,Standard,6.3,7.2
1970,Truong THPT Thanh Xuân,Standard,5.6,6.9
1969,Truong THPT Thanh Xuân,Standard,5.7,6.6
1968,Truong THPT Thanh Xuân,Standard,5.8,6.8
1967,Truong THPT Thanh Xuân,Standard,5.6,6.9
1966,Truong THPT Thanh Xuân,Standard,5.6,6.7
1965,Truong THPT Thanh Xuân,Standard,6,69
1964,Truong THPT Thanh Xuân,Standard,6.5,7.2
1963,Truong THPT Thanh Xuân,Standard,6.2,6.7
1962,Truong THPT Thanh Xuân,Standard,6.3,7.1
1961,Truong THPT Thanh Xuân,Standard,5.7,6.8
1960,Truong THPT Thanh Xuân,Standard,5.2,6.6
1959,Truong THPT Thanh Xuân,Standard,5.8,6.9
1958,Truong THPT Thanh Xuân,Standard,5.7,6.7
1957,Truong THPT Thanh Xuân,Standard,5.8,67
1956,Truong THPT Thanh Xuân,Standard,6,66
1955,Truong THPT Thanh Xuân,Standard,5.1,62
1954,Truong THPT Thanh Xuân,Standard,7.3,79
1953,Truong THPT Thanh Xuân,Standard,6.7,77
1952,Truong THPT Thanh Xuân,Standard,6.8,79
1951,Truong THPT Thanh Xuân,Standard,7,78
1950,Truong THPT Thanh Xuân,Standard,6.8,77
1949,Truong THPT Thanh Xuân,Standard,6.6,71
1948,Truong THPT Thanh Xuân,Standard,6.5,81
1947,Truong THPT Thanh Xuân,Standard,7,77
1946,Truong THPT Thanh Xuân,Standard,6.7,79
1945,Truong THPT Thanh Xuân,Standard,6.4,71
1944,Truong THPT Thanh Xuân,Standard,6.4,77
1943,Truong THPT Thanh Xuân,Standard,6.7,75
1942,Truong THPT Thanh Xuân,Standard,6.5,73
1941,Truong THPT Thanh Xuân,Standard,6.7,75
1940,Truong THPT Thanh Xuân,Standard,6.8,76
1939,Truong THPT Thanh Xuân,Standard,7.2,73
1938,Truong THPT Thanh Xuân,Standard,6.9,79
1937,Truong THPT Thanh Xuân,Standard,7.1,79
1936,Truong THPT Thanh Xuân,Standard,7.1,81
1935,Truong THPT Thanh Xuân,Standard,6.8,77
1934,Truong THPT Thanh Xuân,Standard,6.8,78
2020,Truong THPT Đai Lanh,Standard,8.4,95
2019,Truong THPT Đai Lanh,Standard,8.3,93
2018,Truong THPT Đai Lanh,Standard,8.4,91
2017,Truong THPT Đai Lanh,Standard,8.7,94
2016,Truong THPT Đai Lanh,Standard,8,94
2015,Truong THPT Đai Lanh,Standard,7.6,93
2014,Truong THPT Đai Lanh,Standard,9.1,98
2013,Truong THPT Đai Lanh,Standard,8.2,94
2012,Truong THPT Đai Lanh,Standard,8.3,91
2011,Truong THPT Đai Lanh,Standard,8.2,94
2010,Truong THPT Đai Lanh,Standard,8.5,94
2009,Truong THPT Đai Lanh,Standard,8.2,95
2008,Truong THPT Đai Lanh,Standard,8.4,94
2007,Truong THPT Đai Lanh,Standard,8.4,99
2006,Truong THPT Đai Lanh,Standard,8.6,96
2005,Truong THPT Đai Lanh,Standard,8.1,91
2004,Truong THPT Đai Lanh,Standard,8.7,91
2003,Truong THPT Đai Lanh,Standard,8.3,98
2002,Truong THPT Đai Lanh,Standard,8.9,94
2001,Truong THPT Đai Lanh,Standard,7.9,89
2000,Truong THPT Đai Lanh,Standard,8.7,93
1999,Truong THPT Đai Lanh,Standard,8.1,94
1998,Truong THPT Đai Lanh,Standard,8.7,97
1997,Truong THPT Đai Lanh,Standard,8.2,93
1996,Truong THPT Đai Lanh,Standard,8.4,93
1995,Truong THPT Đai Lanh,Standard,8.2,93
1994,Truong THPT Đai Lanh,Standard,8.1,93
1993,Truong THPT Đai Lanh,Standard,8.6,94
1992,Truong THPT Đai Lanh,Standard,8.3,90
1991,Truong THPT Đai Lanh,Standard,8.5,88
1990,Truong THPT Đai Lanh,Standard,8.5,97
1989,Truong THPT Đai Lanh,Standard,8.6,93
1988,Truong THPT Đai Lanh,Standard,8.3,94
1987,Truong THPT Đai Lanh,Standard,8.6,95
1986,Truong THPT Đai Lanh,Standard,8.1,94
1985,Truong THPT Đai Lanh,Standard,8,92
1984,Truong THPT Đai Lanh,Standard,8.4,92
1983,Truong THPT Đai Lanh,Standard,8.3,93
1982,Truong THPT Đai Lanh,Standard,8.2,91
1981,Truong THPT Đai Lanh,Standard,8.7,92
1980,Truong THPT Đai Lanh,Standard,8.6,93
1979,Truong THPT Đai Lanh,Standard,8.1,92
1978,Truong THPT Đai Lanh,Standard,8.4,94
1977,Truong THPT Đai Lanh,Standard,8.6,96
1976,Truong THPT Đai Lanh,Standard,8.2,95
1975,Truong THPT Đai Lanh,Standard,8.5,91
1974,Truong THPT Đai Lanh,Experimental,7.7,89
1973,Truong THPT Đai Lanh,Experimental,7.6,96
1972,Truong THPT Đai Lanh,Experimental,7.7,90
1971,Truong THPT Đai Lanh,Experimental,7.4,95
1970,Truong THPT Đai Lanh,Experimental,7.5,93
1969,Truong THPT Đai Lanh,Experimental,8.1,89
1968,Truong THPT Đai Lanh,Experimental,7.5,92
1967,Truong THPT Đai Lanh,Experimental,7.6,9.3
1966,Truong THPT Đai Lanh,Experimental,7.3,9.3
1965,Truong THPT Đai Lanh,Experimental,7.9,9.1
1964,Truong THPT Đai Lanh,Experimental,7.9,9.2
1963,Truong THPT Đai Lanh,Experimental,6.8,8.8
1962,Truong THPT Đai Lanh,Experimental,7.6,9.3
1961,Truong THPT Đai Lanh,Experimental,7.9,9.3
1960,Truong THPT Đai Lanh,Experimental,7.5,8.8
1959,Truong THPT Đai Lanh,Experimental,7.2,9.1
1958,Truong THPT Đai Lanh,Experimental,7.6,9
1957,Truong THPT Đai Lanh,Experimental,7.9,9.3
1956,Truong THPT Đai Lanh,Experimental,7.5,9
1955,Truong THPT Đai Lanh,Experimental,7.4,8.6
1954,Truong THPT Đai Lanh,Experimental,7.6,9.5
1953,Truong THPT Đai Lanh,Experimental,7.2,8.8
1952,Truong THPT Đai Lanh,Experimental,7.8,9.6
1951,Truong THPT Đai Lanh,Experimental,7.4,9.5
1950,Truong THPT Đai Lanh,Experimental,7.5,9
1949,Truong THPT Đai Lanh,Experimental,7.6,9.2
1948,Truong THPT Đai Lanh,Experimental,7.5,9
1947,Truong THPT Đai Lanh,Experimental,7.1,8.5
1946,Truong THPT Đai Lanh,Experimental,7.8,8.9
1945,Truong THPT Đai Lanh,Experimental,7.5,9
1944,Truong THPT Đai Lanh,Experimental,7.5,8.5
1943,Truong THPT Đai Lanh,Experimental,7.6,9
1942,Truong THPT Đai Lanh,Experimental,8.1,8.5
1941,Truong THPT Đai Lanh,Experimental,7.4,9.1
1940,Truong THPT Đai Lanh,Experimental,6.7,8.8
1939,Truong THPT Đai Lanh,Experimental,7.3,9.1
1938,Truong THPT Đai Lanh,Experimental,7.5,9.3
1937,Truong THPT Đai Lanh,Experimental,7.5,9.1
1936,Truong THPT Đai Lanh,Experimental,7,8.4
1935,Truong THPT Đai Lanh,Experimental,7.4,9
1934,Truong THPT Đai Lanh,Experimental,7.3,9.1
1933,Truong THPT Đai Lanh,Experimental,7.1,9.2
1932,Truong THPT Đai Lanh,Experimental,7,8.6
1931,Truong THPT Đai Lanh,Experimental,7.6,9.5
1930,Truong THPT Đai Lanh,Experimental,7.4,9
1929,Truong THPT Đai Lanh,Experimental,7.1,8.5
1928,Truong THPT Đai Lanh,Experimental,7.3,9.2
1927,Truong THPT Đai Lanh,Experimental,7.1,9
1926,Truong THPT Đai Lanh,Experimental,7.4,9.3
1925,Truong THPT Đai Lanh,Experimental,7.1,8.9
1924,Truong THPT Đai Lanh,Experimental,7.4,8.8
1923,Truong THPT Đai Lanh,Experimental,7.3,9.2
1922,Truong THPT Đai Lanh,Experimental,7.2,8.2
1921,Truong THPT Đai Lanh,Experimental,7,9
1920,Truong THPT Đai Lanh,Experimental,6.9,9
1919,Truong THPT Đai Lanh,Experimental,7.2,9
1918,Truong THPT Đai Lanh,Experimental,7.5,9.1
1917,Truong THPT Đai Lanh,Experimental,7.2,8.6
1916,Truong THPT Đai Lanh,Experimental,7.1,9.1
1915,Truong THPT Đai Lanh,Experimental,7.2,9.6
1914,Truong THPT Đai Lanh,Standard,8.1,9
1913,Truong THPT Đai Lanh,Standard,8.3,8.8
1912,Truong THPT Đai Lanh,Standard,7.8,8.2
1911,Truong THPT Đai Lanh,Standard,8.2,8.7
1910,Truong THPT Đai Lanh,Standard,7.7,8.8
1909,Truong THPT Đai Lanh,Standard,8,9.2
1908,Truong THPT Đai Lanh,Standard,7.5,8.6
1907,Truong THPT Đai Lanh,Standard,8.4,9.3
1906,Truong THPT Đai Lanh,Standard,8,9.5
1905,Truong THPT Đai Lanh,Standard,7.8,8.9
1904,Truong THPT Đai Lanh,Standard,7.7,9
1903,Truong THPT Đai Lanh,Standard,7.7,8.2
1902,Truong THPT Đai Lanh,Standard,7.9,8.7
1901,Truong THPT Đai Lanh,Standard,8.1,9.3
1900,Truong THPT Đai Lanh,Standard,8.2,89
1899,Truong THPT Đai Lanh,Standard,7.7,8.8
1898,Truong THPT Đai Lanh,Standard,7.9,8.9
1897,Truong THPT Đai Lanh,Standard,8,8.7
1896,Truong THPT Đai Lanh,Standard,7.8,9.2
1895,Truong THPT Đai Lanh,Standard,7.7,8.4
1894,Truong THPT Đai Lanh,Standard,7.8,8.9
1893,Truong THPT Đai Lanh,Standard,7.8,8.7
2020,Truong THPT Đông Tâm,Standard,6.2,7.5
2019,Truong THPT Đông Tâm,Standard,5.5,6.9
2018,Truong THPT Đông Tâm,Standard,6.2,7
2017,Truong THPT Đông Tâm,Standard,5.6,6.7
2016,Truong THPT Đông Tâm,Standard,5.9,7
2015,Truong THPT Đông Tâm,Standard,6,7.2
2014,Truong THPT Đông Tâm,Standard,6.5,7.5
2013,Truong THPT Đông Tâm,Standard,6.7,7.6
2012,Truong THPT Đông Tâm,Standard,5.9,7.2
2011,Truong THPT Đông Tâm,Standard,5.7,6.2
2010,Truong THPT Đông Tâm,Standard,6,7.2
2009,Truong THPT Đông Tâm,Standard,6.1,7.8
2008,Truong THPT Đông Tâm,Standard,5.5,7.1
2007,Truong THPT Đông Tâm,Standard,6.2,7.4
2006,Truong THPT Đông Tâm,Standard,6.2,7.3
2005,Truong THPT Đông Tâm,Standard,6.2,7.1
2004,Truong THPT Đông Tâm,Experimental,6.8,8.2
2003,Truong THPT Đông Tâm,Experimental,6.4,8.2
2002,Truong THPT Đông Tâm,Experimental,6.5,8.2
2001,Truong THPT Đông Tâm,Experimental,6.9,8.1
2000,Truong THPT Đông Tâm,Experimental,7.2,8.8
1999,Truong THPT Đông Tâm,Experimental,6.3,8.1
1998,Truong THPT Đông Tâm,Experimental,7,8.4
1997,Truong THPT Đông Tâm,Experimental,6.7,8.7
1996,Truong THPT Đông Tâm,Experimental,6.8,8.3
1995,Truong THPT Đông Tâm,Experimental,7.8,8.7
1994,Truong THPT Đông Tâm,Experimental,7.5,8.7
1993,Truong THPT Đông Tâm,Experimental,7.2,8.1
1992,Truong THPT Đông Tâm,Experimental,6.8,8.6
1991,Truong THPT Đông Tâm,Experimental,6.7,7.9
1990,Truong THPT Đông Tâm,Experimental,6.9,8.9
1989,Truong THPT Đông Tâm,Experimental,6.7,8.5
1988,Truong THPT Đông Tâm,Experimental,7,8.5
1987,Truong THPT Đông Tâm,Experimental,7.2,9
1986,Truong THPT Đông Tâm,Experimental,7.2,8.7
1985,Truong THPT Đông Tâm,Experimental,6.9,8.7
1984,Truong THPT Đông Tâm,Experimental,7.3,8.9
1983,Truong THPT Đông Tâm,Experimental,7.2,8.5
1982,Truong THPT Đông Tâm,Experimental,7,9.1
1981,Truong THPT Đông Tâm,Experimental,7.7,8.5
1980,Truong THPT Đông Tâm,Experimental,7.1,8.1
1979,Truong THPT Đông Tâm,Experimental,7.1,9
1978,Truong THPT Đông Tâm,Experimental,7.2,8.9
1977,Truong THPT Đông Tâm,Experimental,7.1,8.8
1976,Truong THPT Đông Tâm,Experimental,7.5,8.6
1975,Truong THPT Đông Tâm,Experimental,7.1,8.3
1974,Truong THPT Đông Tâm,Experimental,7.2,8.4
1973,Truong THPT Đông Tâm,Experimental,7.2,8.5
1972,Truong THPT Đông Tâm,Experimental,6.7,8.5
1971,Truong THPT Đông Tâm,Standard,6.7,8
1970,Truong THPT Đông Tâm,Standard,7.2,7.9
1969,Truong THPT Đông Tâm,Standard,7.1,7.6
1968,Truong THPT Đông Tâm,Standard,7.2,7.8
1967,Truong THPT Đông Tâm,Standard,6.6,7.5
1966,Truong THPT Đông Tâm,Standard,6.8,7.9
1965,Truong THPT Đông Tâm,Standard,6.5,7.8
1964,Truong THPT Đông Tâm,Standard,7,7.9
1963,Truong THPT Đông Tâm,Standard,7.1,8.2
1962,Truong THPT Đông Tâm,Standard,6.4,7.7
1961,Truong THPT Đông Tâm,Standard,7,7.8
1960,Truong THPT Đông Tâm,Standard,7.1,8
1959,Truong THPT Đông Tâm,Standard,7,7.9
1958,Truong THPT Đông Tâm,Standard,6.8,7.3
1957,Truong THPT Đông Tâm,Standard,6.9,7.1
1956,Truong THPT Đông Tâm,Standard,7.2,7.9
1955,Truong THPT Đông Tâm,Standard,6.8,7.4
1954,Truong THPT Đông Tâm,Standard,6.6,7.7
1953,Truong THPT Đông Tâm,Standard,6.9,7.5
1952,Truong THPT Đông Tâm,Standard,6.1,7.3
1951,Truong THPT Đông Tâm,Standard,6.8,7.2
1950,Truong THPT Đông Tâm,Standard,7,7.9
1949,Truong THPT Đông Tâm,Standard,6.7,7.6
1948,Truong THPT Đông Tâm,Standard,6.6,8.3
1947,Truong THPT Đông Tâm,Standard,6.6,8
1946,Truong THPT Đông Tâm,Standard,7,7.5
1945,Truong THPT Đông Tâm,Standard,6.4,8
1944,Truong THPT Đông Tâm,Standard,6.5,7.8
1943,Truong THPT Đông Tâm,Standard,6.7,7.8
1942,Truong THPT Đông Tâm,Standard,6.3,7.6
1941,Truong THPT Đông Tâm,Standard,7.3,7.8
1940,Truong THPT Đông Tâm,Standard,6.7,7.3
1939,Truong THPT Đông Tâm,Standard,6.9,7.5
1938,Truong THPT Đông Tâm,Standard,6.4,7.9
1937,Truong THPT Đông Tâm,Standard,6.2,7.3
2020,Truong THPT Trung Lâp,Experimental,5.9,7.2
2019,Truong THPT Trung Lâp,Experimental,5.2,6.8
2018,Truong THPT Trung Lâp,Experimental,5.5,6.8
2017,Truong THPT Trung Lâp,Experimental,5.3,6.9
2016,Truong THPT Trung Lâp,Experimental,5.1,6.5
2015,Truong THPT Trung Lâp,Experimental,5.2,7.3
2014,Truong THPT Trung Lâp,Experimental,5.9,7.1
2013,Truong THPT Trung Lâp,Experimental,5.5,7.5
2012,Truong THPT Trung Lâp,Experimental,5.9,7.6
2011,Truong THPT Trung Lâp,Experimental,5.4,7.2
2010,Truong THPT Trung Lâp,Experimental,6,7.3
2009,Truong THPT Trung Lâp,Experimental,5.6,7.3
2008,Truong THPT Trung Lâp,Experimental,4.9,7
2007,Truong THPT Trung Lâp,Experimental,5.4,6.7
2006,Truong THPT Trung Lâp,Experimental,5.3,7.2
2005,Truong THPT Trung Lâp,Experimental,5.7,7.3
2004,Truong THPT Trung Lâp,Experimental,5.6,7.4
2003,Truong THPT Trung Lâp,Experimental,5.4,7.2
2002,Truong THPT Trung Lâp,Experimental,5.7,7.3
2001,Truong THPT Trung Lâp,Experimental,5.5,7.2
2000,Truong THPT Trung Lâp,Standard,4.7,6
1999,Truong THPT Trung Lâp,Standard,5.1,5.8
1998,Truong THPT Trung Lâp,Standard,5.3,5.6
1997,Truong THPT Trung Lâp,Standard,4.6,5.6
1996,Truong THPT Trung Lâp,Standard,5.5,6.5
1995,Truong THPT Trung Lâp,Standard,4.7,5.8
1994,Truong THPT Trung Lâp,Standard,5.3,6
1993,Truong THPT Trung Lâp,Standard,5,6
1992,Truong THPT Trung Lâp,Standard,4.4,5.2
1991,Truong THPT Trung Lâp,Standard,4.6,5.8
1990,Truong THPT Trung Lâp,Standard,4.9,6.2
1989,Truong THPT Trung Lâp,Standard,4.5,5.4
1988,Truong THPT Trung Lâp,Standard,4.7,5.6
1987,Truong THPT Trung Lâp,Standard,5.3,5.8
1986,Truong THPT Trung Lâp,Standard,4.5,5.7
1985,Truong THPT Trung Lâp,Standard,5.1,6.3
1984,Truong THPT Trung Lâp,Experimental,5.9,7
1983,Truong THPT Trung Lâp,Experimental,5.6,7
1982,Truong THPT Trung Lâp,Experimental,5.8,7.7
1981,Truong THPT Trung Lâp,Experimental,5.4,7.4
1980,Truong THPT Trung Lâp,Experimental,5.1,6.7
1979,Truong THPT Trung Lâp,Experimental,5.3,6.6
1978,Truong THPT Trung Lâp,Experimental,5,6.9
1977,Truong THPT Trung Lâp,Experimental,5.4,7
1976,Truong THPT Trung Lâp,Experimental,5.5,7.3
1975,Truong THPT Trung Lâp,Experimental,5.5,7.2
1974,Truong THPT Trung Lâp,Experimental,5.1,6.9
1973,Truong THPT Trung Lâp,Experimental,5.6,7.1
1972,Truong THPT Trung Lâp,Experimental,5.3,6.8
1971,Truong THPT Trung Lâp,Experimental,5.3,6.8
1970,Truong THPT Trung Lâp,Experimental,4.6,6.4
2020,Truong THPT Tam Duong,Standard,4.3,5
2019,Truong THPT Tam Duong,Standard,4.4,5.6
2018,Truong THPT Tam Duong,Standard,4.3,5.5
2017,Truong THPT Tam Duong,Standard,3.8,5.1
2016,Truong THPT Tam Duong,Standard,4.7,5.1
2015,Truong THPT Tam Duong,Standard,4.5,5.6
2014,Truong THPT Tam Duong,Standard,45,53
2013,Truong THPT Tam Duong,Standard,50,54
2012,Truong THPT Tam Duong,Standard,39,51
2011,Truong THPT Tam Duong,Standard,4.4,5.5
2010,Truong THPT Tam Duong,Standard,3.6,4.8
2009,Truong THPT Tam Duong,Standard,4.3,5.8
2008,Truong THPT Tam Duong,Standard,4.8,6.3
2007,Truong THPT Tam Duong,Standard,4.3,5.6
2006,Truong THPT Tam Duong,Standard,4.6,5.8
2005,Truong THPT Tam Duong,Standard,4.2,5.5
2004,Truong THPT Tam Duong,Standard,4,5.1
2003,Truong THPT Tam Duong,Standard,4.7,5.8
2002,Truong THPT Tam Duong,Standard,6,6.9
2001,Truong THPT Tam Duong,Standard,6.3,7.3
2000,Truong THPT Tam Duong,Standard,5.8,7.4
1999,Truong THPT Tam Duong,Standard,6.5,7.8
1998,Truong THPT Tam Duong,Standard,6.3,7.6
1997,Truong THPT Tam Duong,Standard,6.4,7.3
1996,Truong THPT Tam Duong,Standard,6.5,7.9
1995,Truong THPT Tam Duong,Standard,6.3,7.1
1994,Truong THPT Tam Duong,Standard,6,7.3
1993,Truong THPT Tam Duong,Standard,5.9,7.3
1992,Truong THPT Tam Duong,Standard,6.5,7.7
1991,Truong THPT Tam Duong,Standard,6.7,7.7
1990,Truong THPT Tam Duong,Standard,6.6,7.8
1989,Truong THPT Tam Duong,Standard,5.9,7.1
1988,Truong THPT Tam Duong,Standard,6.5,7.5
1987,Truong THPT Tam Duong,Standard,6.7,7.4
1986,Truong THPT Tam Duong,Standard,6.5,7.6
1985,Truong THPT Tam Duong,Standard,6.3,7.6
1984,Truong THPT Tam Duong,Standard,6.9,7.7
1983,Truong THPT Tam Duong,Standard,6.5,7.9
1982,Truong THPT Tam Duong,Standard,6.3,7.5
1981,Truong THPT Tam Duong,Experimental,6.8,7.9
1980,Truong THPT Tam Duong,Experimental,6.1,7.2
1979,Truong THPT Tam Duong,Experimental,6.1,7.4
1978,Truong THPT Tam Duong,Experimental,6,7.9
1977,Truong THPT Tam Duong,Experimental,6.2,7.5
1976,Truong THPT Tam Duong,Experimental,6.3,8
1975,Truong THPT Tam Duong,Experimental,6,7.4
1974,Truong THPT Tam Duong,Experimental,6.3,7.8
1973,Truong THPT Tam Duong,Experimental,6.7,8.2
1972,Truong THPT Tam Duong,Experimental,5.5,7.3
1971,Truong THPT Tam Duong,Experimental,5.8,7.6
1970,Truong THPT Tam Duong,Experimental,6.1,8
1969,Truong THPT Tam Duong,Experimental,5.3,7.9
1968,Truong THPT Tam Duong,Experimental,5.8,7.5
1967,Truong THPT Tam Duong,Experimental,6.6,8
1966,Truong THPT Tam Duong,Experimental,6.1,7.3
1965,Truong THPT Tam Duong,Experimental,6.2,7.7
1964,Truong THPT Tam Duong,Experimental,6.4,7.7
1963,Truong THPT Tam Duong,Experimental,5.6,7.3
1962,Truong THPT Tam Duong,Standard,5.5,6.2
1961,Truong THPT Tam Duong,Standard,4.8,6.1
1960,Truong THPT Tam Duong,Standard,4.8,6.2
1959,Truong THPT Tam Duong,Standard,4.8,6.4
1958,Truong THPT Tam Duong,Standard,4.8,5.1
1957,Truong THPT Tam Duong,Standard,4.9,5.6
1956,Truong THPT Tam Duong,Standard,4.9,5.8
1955,Truong THPT Tam Duong,Standard,5.3,6.1
1954,Truong THPT Tam Duong,Standard,5,6
1953,Truong THPT Tam Duong,Standard,4.8,6
1952,Truong THPT Tam Duong,Standard,4.9,6
1951,Truong THPT Tam Duong,Standard,47,5.7
1950,Truong THPT Tam Duong,Standard,4.6,5.9
1949,Truong THPT Tam Duong,Standard,4.3,5.6
1948,Truong THPT Tam Duong,Standard,5.4,6.2
1947,Truong THPT Tam Duong,Standard,5,6.4
1946,Truong THPT Tam Duong,Standard,5.2,5.8
1945,Truong THPT Tam Duong,Standard,5,5.9
1944,Truong THPT Tam Duong,Standard,5.1,6.4
1943,Truong THPT Tam Duong,Standard,5,5.5
1942,Truong THPT Tam Duong,Experimental,4,5.5
1941,Truong THPT Tam Duong,Experimental,4.3,5.5
1940,Truong THPT Tam Duong,Experimental,4.2,5.8
1939,Truong THPT Tam Duong,Experimental,4.3,5.8
1938,Truong THPT Tam Duong,Experimental,4.2,6
1937,Truong THPT Tam Duong,Experimental,4.3,6.1
1936,Truong THPT Tam Duong,Experimental,4.5,6
1935,Truong THPT Tam Duong,Experimental,4.3,5.9
1934,Truong THPT Tam Duong,Experimental,4.3,5.6
1933,Truong THPT Tam Duong,Experimental,4.1,5.6
1932,Truong THPT Tam Duong,Experimental,4.3,5.9
1931,Truong THPT Tam Duong,Experimental,4.4,5.7
1930,Truong THPT Tam Duong,Experimental,4.3,6.3
1929,Truong THPT Tam Duong,Experimental,4.4,5.9
1928,Truong THPT Tam Duong,Experimental,4.1,5.7
1927,Truong THPT Tam Duong,Experimental,5.1,6.1
1926,Truong THPT Tam Duong,Experimental,3.9,5.8
1925,Truong THPT Tam Duong,Experimental,4.4,6
1924,Truong THPT Tam Duong,Experimental,3.8,5.2
1923,Truong THPT Tam Duong,Experimental,4.2,6.1
1922,Truong THPT Tam Duong,Experimental,4.2,6.2
1921,Truong THPT Tam Duong,Experimental,4.6,5.7
1920,Truong THPT Tam Duong,Standard,3.9,4.9
1919,Truong THPT Tam Duong,Standard,4.8,5.4
1918,Truong THPT Tam Duong,Standard,4,4.7
1917,Truong THPT Tam Duong,Standard,4.6,5.5
1916,Truong THPT Tam Duong,Standard,3.9,4.4
1915,Truong THPT Tam Duong,Standard,3.9,5.1
1914,Truong THPT Tam Duong,Standard,3.8,5.1
1913,Truong THPT Tam Duong,Standard,4.3,5.4
1912,Truong THPT Tam Duong,Standard,3.8,5.2
1911,Truong THPT Tam Duong,Standard,3.8,4.9
1910,Truong THPT Tam Duong,Standard,4.2,4.8
1909,Truong THPT Tam Duong,Standard,4.3,53
1908,Truong THPT Tam Duong,Standard,4.5,4.8
1907,Truong THPT Tam Duong,Standard,4.1,4.8
1906,Truong THPT Tam Duong,Standard,4,5
1905,Truong THPT Tam Duong,Standard,4.3,5.3
1904,Truong THPT Tam Duong,Standard,4.3,5.1
1903,Truong THPT Tam Duong,Standard,4.2,4.9
1902,Truong THPT Tam Duong,Standard,4.1,5.1
1901,Truong THPT Tam Duong,Standard,5.7,6.2
1900,Truong THPT Tam Duong,Standard,4,4.9
1899,Truong THPT Tam Duong,Standard,3.9,5
1898,Truong THPT Tam Duong,Standard,4,5.3
1897,Truong THPT Tam Duong,Standard,4.3,4.6
1896,Truong THPT Tam Duong,Standard,3.8,5
1895,Truong THPT Tam Duong,Standard,4.6,5.4
1894,Truong THPT Tam Duong,Standard,4,4.7
1893,Truong THPT Tam Duong,Standard,3.5,4.6
1892,Truong THPT Tam Duong,Standard,4,5.3
1891,Truong THPT Tam Duong,Experimental,3.1,4.9
1890,Truong THPT Tam Duong,Experimental,3,4.9
1889,Truong THPT Tam Duong,Experimental,3.4,4.9
1888,Truong THPT Tam Duong,Experimental,3.4,5.1
1887,Truong THPT Tam Duong,Experimental,3.2,4.8
1886,Truong THPT Tam Duong,Experimental,3,4.3
1885,Truong THPT Tam Duong,Experimental,3.1,4.5
1884,Truong THPT Tam Duong,Experimental,2.8,4.6
1883,Truong THPT Tam Duong,Experimental,3,4.6
1882,Truong THPT Tam Duong,Experimental,3.3,4.5
1881,Truong THPT Tam Duong,Experimental,3.4,5
1880,Truong THPT Tam Duong,Experimental,2.2,4.7
1879,Truong THPT Tam Duong,Experimental,3.1,4.7
1878,Truong THPT Tam Duong,Experimental,3.5,5.4
1877,Truong THPT Tam Duong,Experimental,3,4.3
1876,Truong THPT Tam Duong,Experimental,3.1,4.9
1875,Truong THPT Tam Duong,Experimental,2.9,4.8
1874,Truong THPT Tam Duong,Experimental,2.9,3.9
1873,Truong THPT Tam Duong,Experimental,2.9,4.7
1872,Truong THPT Tam Duong,Experimental,3,4.7
1871,Truong THPT Tam Duong,Experimental,3.8,5.2
1870,Truong THPT Tam Duong,Experimental,3.5,4.9
1869,Truong THPT Tam Duong,Experimental,3.1,4.8
1868,Truong THPT Tam Duong,Experimental,3.2,4.5
1867,Truong THPT Tam Duong,Experimental,3.5,5.3
1866,Truong THPT Tam Duong,Experimental,3.5,5.2
1865,Truong THPT Tam Duong,Experimental,3.2,4.8
1864,Truong THPT Tam Duong,Experimental,3,4.9
1863,Truong THPT Tam Duong,Experimental,3.4,4.6
1862,Truong THPT Tam Duong,Experimental,3.2,4.7
1861,Truong THPT Tam Duong,Standard,4.1,5.1
1860,Truong THPT Tam Duong,Standard,3.5,5.3
1859,Truong THPT Tam Duong,Standard,3.7,4.9
1858,Truong THPT Tam Duong,Standard,3.8,5.2
1857,Truong THPT Tam Duong,Standard,3.6,4.5
1856,Truong THPT Tam Duong,Standard,3.8,4.8
1855,Truong THPT Tam Duong,Standard,4,4.8
1854,Truong THPT Tam Duong,Standard,4.2,5.4
1853,Truong THPT Tam Duong,Standard,3.9,5.4
1852,Truong THPT Tam Duong,Standard,4.1,4.5
1851,Truong THPT Tam Duong,Standard,4,4.9
1850,Truong THPT Tam Duong,Standard,3.7,4.7
1849,Truong THPT Tam Duong,Standard,3.7,5.1
1848,Truong THPT Tam Duong,Standard,3.8,5.1
1847,Truong THPT Tam Duong,Standard,4.2,4.8
1846,Truong THPT Tam Duong,Standard,3.6,5
1845,Truong THPT Tam Duong,Standard,4,4.9
1844,Truong THPT Tam Duong,Standard,4,5
1843,Truong THPT Tam Duong,Standard,4,5
1842,Truong THPT Tam Duong,Standard,4.1,5.4
1841,Truong THPT Tam Duong,Standard,4,4.9
1840,Truong THPT Tam Duong,Standard,4.1,4.9
1839,Truong THPT Tam Duong,Standard,4,4.7
1838,Truong THPT Tam Duong,Standard,3.6,5
1837,Truong THPT Tam Duong,Standard,4.1,6.2
1836,Truong THPT Tam Duong,Experimental,3.4,4.7
1835,Truong THPT Tam Duong,Experimental,3,4.8
1834,Truong THPT Tam Duong,Experimental,3.5,4.9
1833,Truong THPT Tam Duong,Experimental,3.7,5
1832,Truong THPT Tam Duong,Experimental,3,4.7
1831,Truong THPT Tam Duong,Experimental,2.9,4.8
1830,Truong THPT Tam Duong,Experimental,3.6,5.2
1829,Truong THPT Tam Duong,Experimental,3.2,5
1828,Truong THPT Tam Duong,Experimental,2.8,4.2
1827,Truong THPT Tam Duong,Experimental,3,4.7
1826,Truong THPT Tam Duong,Experimental,3.3,4.7
1825,Truong THPT Tam Duong,Experimental,3.3,4.5
1824,Truong THPT Tam Duong,Experimental,3.5,5.2
1823,Truong THPT Tam Duong,Experimental,3.4,5.3
1822,Truong THPT Tam Duong,Experimental,3.3,4.7
1821,Truong THPT Tam Duong,Experimental,3.2,5.2
1820,Truong THPT Tam Duong,Experimental,3.5,4.8
1819,Truong THPT Tam Duong,Experimental,3.4,4.6
1818,Truong THPT Tam Duong,Experimental,3.3,4.8
1817,Truong THPT Tam Duong,Experimental,3,4.8
1816,Truong THPT Tam Duong,Experimental,3.2,5.2
1815,Truong THPT Tam Duong,Experimental,2.8,4.5
1814,Truong THPT Tam Duong,Experimental,3.2,4.4
1813,Truong THPT Tam Duong,Experimental,3.1,5.1
1812,Truong THPT Tam Duong,Experimental,3.4,4.9
1811,Truong THPT Tam Duong,Experimental,2.9,4.4
1810,Truong THPT Tam Duong,Experimental,3.4,4.9
1809,Truong THPT Tam Duong,Experimental,3.3,5.2
1808,Truong THPT Tam Duong,Experimental,3.3,4.9
1807,Truong THPT Tam Duong,Experimental,3.7,5.2
2020,Truong THPT Thach Hoa,Experimental,6.6,8.6
2019,Truong THPT Thach Hoa,Experimental,7.3,8.3
2018,Truong THPT Thach Hoa,Experimental,6.5,7.4
2017,Truong THPT Thach Hoa,Experimental,6.2,8.1
2016,Truong THPT Thach Hoa,Experimental,6.6,8.5
2015,Truong THPT Thach Hoa,Experimental,6.6,8.1
2014,Truong THPT Thach Hoa,Experimental,7,8.2
2013,Truong THPT Thach Hoa,Experimental,6.9,8.2
2012,Truong THPT Thach Hoa,Experimental,6.8,8
2011,Truong THPT Thach Hoa,Experimental,6.2,8.2
2010,Truong THPT Thach Hoa,Experimental,6,7.4
2009,Truong THPT Thach Hoa,Experimental,6.6,9.1
2008,Truong THPT Thach Hoa,Experimental,6.5,7.8
2007,Truong THPT Thach Hoa,Experimental,6.7,8.1
2006,Truong THPT Thach Hoa,Experimental,6.6,8
2005,Truong THPT Thach Hoa,Experimental,6.1,8.2
2004,Truong THPT Thach Hoa,Experimental,6.7,7.8
2003,Truong THPT Thach Hoa,Experimental,6.6,8.3
2002,Truong THPT Thach Hoa,Experimental,6.5,8.1
2001,Truong THPT Thach Hoa,Experimental,6.1,8
2000,Truong THPT Thach Hoa,Experimental,6.6,8
1999,Truong THPT Thach Hoa,Experimental,6.2,7.9
1998,Truong THPT Thach Hoa,Experimental,6.4,7.7
1997,Truong THPT Thach Hoa,Experimental,7,8.3
1996,Truong THPT Thach Hoa,Standard,6.3,7.5
1995,Truong THPT Thach Hoa,Standard,6.5,7.6
1994,Truong THPT Thach Hoa,Standard,5.8,6.8
1993,Truong THPT Thach Hoa,Standard,6.3,7.8
1992,Truong THPT Thach Hoa,Standard,6.5,7.2
1991,Truong THPT Thach Hoa,Standard,7.4,7.2
1990,Truong THPT Thach Hoa,Standard,7,8.1
1989,Truong THPT Thach Hoa,Standard,7.1,7.8
1988,Truong THPT Thach Hoa,Standard,6.1,6.6
1987,Truong THPT Thach Hoa,Standard,6.8,7.3
1986,Truong THPT Thach Hoa,Standard,6.2,6.8
1985,Truong THPT Thach Hoa,Standard,5.6,6.9
1984,Truong THPT Thach Hoa,Standard,6.6,7.4
1983,Truong THPT Thach Hoa,Standard,6.5,6.9
1982,Truong THPT Thach Hoa,Standard,6.6,7.7
1981,Truong THPT Thach Hoa,Standard,6.3,7.7
1980,Truong THPT Thach Hoa,Standard,6.6,7.7
1979,Truong THPT Thach Hoa,Standard,7.1,8
1978,Truong THPT Thach Hoa,Standard,6.4,6.9
1977,Truong THPT Thach Hoa,Standard,5.9,7.1
1976,Truong THPT Thach Hoa,Standard,6.7,7
1975,Truong THPT Thach Hoa,Standard,6.3,7.6
1974,Truong THPT Thach Hoa,Experimental,7.9,9.4
1973,Truong THPT Thach Hoa,Experimental,8.1,9
1972,Truong THPT Thach Hoa,Experimental,7.5,9.4
1971,Truong THPT Thach Hoa,Experimental,7.7,8.9
1970,Truong THPT Thach Hoa,Experimental,6.8,8.7
1969,Truong THPT Thach Hoa,Experimental,7.3,9.1
1968,Truong THPT Thach Hoa,Experimental,6.9,8.9
1967,Truong THPT Thach Hoa,Experimental,7.5,9.4
1966,Truong THPT Thach Hoa,Experimental,6.9,8.5
1965,Truong THPT Thach Hoa,Experimental,7.2,8.5
1964,Truong THPT Thach Hoa,Experimental,7.9,9.3
1963,Truong THPT Thach Hoa,Experimental,7.4,9.4
1962,Truong THPT Thach Hoa,Experimental,7.6,9
1961,Truong THPT Thach Hoa,Experimental,7.3,9.4
1960,Truong THPT Thach Hoa,Experimental,7.4,8.7
1959,Truong THPT Thach Hoa,Experimental,7.9,9.4
1958,Truong THPT Thach Hoa,Experimental,7.4,9.2
1957,Truong THPT Thach Hoa,Experimental,7.2,8.8
1956,Truong THPT Thach Hoa,Experimental,7.4,8.4
1955,Truong THPT Thach Hoa,Experimental,6.9,8.6
1954,Truong THPT Thach Hoa,Experimental,7.4,9
1953,Truong THPT Thach Hoa,Experimental,7,8.7
1952,Truong THPT Thach Hoa,Experimental,7.6,9.5
2020,Truong THPT Tuong Sơn,Standard,4.5,6
2019,Truong THPT Tuong Sơn,Standard,4.9,5.8
2018,Truong THPT Tuong Sơn,Standard,5.3,5.6
2017,Truong THPT Tuong Sơn,Standard,4.7,5.5
2016,Truong THPT Tuong Sơn,Standard,4.9,5.9
2015,Truong THPT Tuong Sơn,Standard,4.9,5.9
2014,Truong THPT Tuong Sơn,Standard,4.1,5.3
2013,Truong THPT Tuong Sơn,Standard,5.4,6.3
2012,Truong THPT Tuong Sơn,Standard,5.2,6
2011,Truong THPT Tuong Sơn,Standard,4.9,5.9
2010,Truong THPT Tuong Sơn,Standard,4.6,5.8
2009,Truong THPT Tuong Sơn,Standard,4.8,5.9
2008,Truong THPT Tuong Sơn,Standard,4.6,5.7
2007,Truong THPT Tuong Sơn,Standard,4.3,5.5
2006,Truong THPT Tuong Sơn,Standard,4.5,5.9
2005,Truong THPT Tuong Sơn,Standard,5.2,6.2
2004,Truong THPT Tuong Sơn,Standard,4.8,5.9
2003,Truong THPT Tuong Sơn,Standard,5.3,6.3
2002,Truong THPT Tuong Sơn,Standard,4.6,5.6
2001,Truong THPT Tuong Sơn,Standard,5.4,6.1
2000,Truong THPT Tuong Sơn,Standard,4.7,6.1
1999,Truong THPT Tuong Sơn,Standard,4.9,5.7
1998,Truong THPT Tuong Sơn,Standard,5,6.2
1997,Truong THPT Tuong Sơn,Standard,4.6,5.4
1996,Truong THPT Tuong Sơn,Standard,5.4,6
1995,Truong THPT Tuong Sơn,Standard,4.6,5.5
1994,Truong THPT Tuong Sơn,Standard,5.2,6.2
1993,Truong THPT Tuong Sơn,Experimental,3.2,5.5
1992,Truong THPT Tuong Sơn,Experimental,2.5,5.3
1991,Truong THPT Tuong Sơn,Experimental,3.3,5.4
1990,Truong THPT Tuong Sơn,Experimental,4.4,5.6
1989,Truong THPT Tuong Sơn,Experimental,3.4,5.4
1988,Truong THPT Tuong Sơn,Experimental,3.8,5.3
1987,Truong THPT Tuong Sơn,Experimental,3.4,5
1986,Truong THPT Tuong Sơn,Experimental,3.9,5.4
1985,Truong THPT Tuong Sơn,Experimental,4.1,5.5
1984,Truong THPT Tuong Sơn,Experimental,3.6,5.2
1983,Truong THPT Tuong Sơn,Experimental,3.8,5.3
1982,Truong THPT Tuong Sơn,Experimental,3.8,5.2
1981,Truong THPT Tuong Sơn,Experimental,3.7,5.2
1980,Truong THPT Tuong Sơn,Experimental,3.5,5.2
1979,Truong THPT Tuong Sơn,Experimental,3,4.8
1978,Truong THPT Tuong Sơn,Experimental,3.8,5.3
1977,Truong THPT Tuong Sơn,Experimental,3.8,5
1976,Truong THPT Tuong Sơn,Experimental,3.6,5.5
1975,Truong THPT Tuong Sơn,Experimental,3.7,5.7
1974,Truong THPT Tuong Sơn,Experimental,3.5,5.9
1973,Truong THPT Tuong Sơn,Experimental,4.1,5.4
1972,Truong THPT Tuong Sơn,Experimental,3.7,5.3
1971,Truong THPT Tuong Sơn,Experimental,3.7,5.4
1970,Truong THPT Tuong Sơn,Experimental,3.9,4.9
1969,Truong THPT Tuong Sơn,Experimental,3.7,5.3
1968,Truong THPT Tuong Sơn,Experimental,4,5.5
1967,Truong THPT Tuong Sơn,Experimental,3.4,5
1966,Truong THPT Tuong Sơn,Experimental,3.8,5.3
1965,Truong THPT Tuong Sơn,Experimental,3.9,5.6
1964,Truong THPT Tuong Sơn,Experimental,3.6,4.9
1963,Truong THPT Tuong Sơn,Standard,4.6,4.9
1962,Truong THPT Tuong Sơn,Standard,4.3,5.2
1961,Truong THPT Tuong Sơn,Standard,4,4.9
1960,Truong THPT Tuong Sơn,Standard,4.5,5.1
1959,Truong THPT Tuong Sơn,Standard,3.9,5
1958,Truong THPT Tuong Sơn,Standard,3.9,5.1
1957,Truong THPT Tuong Sơn,Standard,4.3,5.3
1956,Truong THPT Tuong Sơn,Standard,4.5,5.1
1955,Truong THPT Tuong Sơn,Standard,4.4,5.3
1954,Truong THPT Tuong Sơn,Standard,4.6,5
1953,Truong THPT Tuong Sơn,Standard,44,5.4
1952,Truong THPT Tuong Sơn,Standard,3.7,5
1951,Truong THPT Tuong Sơn,Standard,4.1,5.2
1950,Truong THPT Tuong Sơn,Standard,3.8,4.8
1949,Truong THPT Tuong Sơn,Standard,4,5.3
1948,Truong THPT Tuong Sơn,Standard,3.7,4.7
1947,Truong THPT Tuong Sơn,Standard,3.8,5.2
1946,Truong THPT Tuong Sơn,Standard,4.5,5.7
1945,Truong THPT Tuong Sơn,Standard,4.7,5.5
1944,Truong THPT Tuong Sơn,Standard,4.4,5.2
1943,Truong THPT Tuong Sơn,Standard,4.3,4.5
1942,Truong THPT Tuong Sơn,Standard,37,4.6
1941,Truong THPT Tuong Sơn,Standard,3.8,5
1940,Truong THPT Tuong Sơn,Standard,4.1,5.1
1939,Truong THPT Tuong Sơn,Standard,4.1,5.5
1938,Truong THPT Tuong Sơn,Standard,4.5,5.3
1937,Truong THPT Tuong Sơn,Standard,3.6,4.7
1936,Truong THPT Tuong Sơn,Standard,4.2,5
1935,Truong THPT Tuong Sơn,Standard,4.1,4.8
1934,Truong THPT Tuong Sơn,Standard,3.6,4.8
1933,Truong THPT Tuong Sơn,Standard,4.1,4.6
1932,Truong THPT Tuong Sơn,Standard,4.3,5.2
1931,Truong THPT Tuong Sơn,Standard,3.9,5.4
1930,Truong THPT Tuong Sơn,Standard,3.8,4.9
1929,Truong THPT Tuong Sơn,Standard,4,5
1928,Truong THPT Tuong Sơn,Standard,4,4
1927,Truong THPT Tuong Sơn,Standard,4,5
1926,Truong THPT Tuong Sơn,Standard,4,5
1925,Truong THPT Tuong Sơn,Standard,4,5
1924,Truong THPT Tuong Sơn,Standard,4,5
1923,Truong THPT Tuong Sơn,Standard,4,5
1922,Truong THPT Tuong Sơn,Standard,3.9,5.5
1921,Truong THPT Tuong Sơn,Standard,4.1,4.8
1920,Truong THPT Tuong Sơn,Standard,3.8,4.8
1919,Truong THPT Tuong Sơn,Standard,4.2,5.5
1918,Truong THPT Tuong Sơn,Standard,4.6,5.3
1917,Truong THPT Tuong Sơn,Standard,4.1,4.9
1916,Truong THPT Tuong Sơn,Standard,4.2,5
1915,Truong THPT Tuong Sơn,Standard,3.9,5.2
1914,Truong THPT Tuong Sơn,Standard,3.8,4.6
1913,Truong THPT Tuong Sơn,Standard,4,4.6
1912,Truong THPT Tuong Sơn,Standard,4.1,5
1911,Truong THPT Tuong Sơn,Standard,4.5,4.7
1910,Truong THPT Tuong Sơn,Standard,3.8,5.1
1909,Truong THPT Tuong Sơn,Standard,3.9,5
1908,Truong THPT Tuong Sơn,Standard,3.9,5.5
1907,Truong THPT Tuong Sơn,Standard,3.8,4.6
1906,Truong THPT Tuong Sơn,Standard,4.5,5.1
1905,Truong THPT Tuong Sơn,Standard,4.6,5.3
1904,Truong THPT Tuong Sơn,Standard,4.1,4.8
,,,,
,,,,
